objective,valid_geo,valid_pos,valid_dd,formula_id
0.03709039566213633,0.03647942253082839,0.8333333333333334,-0.000473805912740044,F00148
0.027125548046319534,0.03448634414006953,0.6666666666666666,-0.011058206239471957,F01862
0.026384813010841057,0.03344952910966632,0.8333333333333334,-0.024901473692289677,F01560
0.025213986290549485,0.031005800898668456,0.6666666666666666,-0.012435559070418933,F00152
0.025206866943617817,0.014287627697878716,0.8333333333333334,-0.00038756936603767667,F00442
0.024903948520401155,0.0268723124757081,0.8333333333333334,-0.0018838079168999045,F02117
0.02420154929093363,0.037532607360108605,0.8333333333333334,-0.01692066484636101,F01822
0.023992575125204144,0.031305097040910904,0.8333333333333334,-0.027068725230922186,F02759
0.02356376625142435,0.029869761037887174,0.8333333333333334,-0.002794879579673948,F03856
0.023180456463521813,0.02518898461230014,0.8333333333333334,0.0,F02622
0.023024059794924306,0.03381607848765692,0.6666666666666666,-0.017770163609796663,F00233
0.022815092695844245,0.015222751904188666,0.8333333333333334,-0.006146631753782605,F01618
0.02277611602791972,0.04134030978341663,0.8333333333333334,-0.039555904546578646,F01818
0.02255786350395982,0.026207998520347477,0.6666666666666666,-0.017066380096607436,F02496
0.022401695373195002,0.029722850403321083,0.6666666666666666,-0.02318550799908703,F00800
0.022182477707187787,0.02753942777511491,0.6666666666666666,-0.0070180330543194724,F03869
0.02217377761344467,0.023389675749454657,0.8333333333333334,-0.002542161055551384,F04024
0.022009266634634587,0.028153999982973025,0.6666666666666666,-0.01494832295228754,F02570
0.021719513019041323,0.028883555453061514,0.8333333333333334,-0.013289044822734963,F04731
0.021583870380484635,0.023222958784190326,0.8333333333333334,-0.003587221589862577,F03401
0.02148607430721976,0.029920061184127156,0.6666666666666666,-0.030721359799749326,F01568
0.021448678962328733,0.02789693279739532,0.8333333333333334,-0.0141479022215526,F01457
0.021241540415963316,0.02967750891973497,0.8333333333333334,-0.03097901557744287,F01890
0.02119345650912252,0.027384368949623896,0.6666666666666666,-0.00942838784147948,F00831
0.021045318796681714,0.027828356283598116,0.6666666666666666,-0.014766996716455538,F01298
0.02093745049678599,0.03122022192503323,0.6666666666666666,-0.027957659896608367,F02391
0.020801104938985637,0.02976527837450035,0.8333333333333334,-0.0010141296472579997,F00890
0.02078020564066232,0.027656370331105885,0.8333333333333334,-0.014209885158810387,F01295
0.020196818016772766,0.028097777837356817,0.8333333333333334,-0.004987843968084937,F04223
0.019961589212838794,0.02498478587114793,0.6666666666666666,-0.014374899073420488,F00441
0.019915517088137186,0.030449339500245542,0.8333333333333334,-0.005841852976402051,F02294
0.01977395327373099,0.03182456647145669,0.6666666666666666,-0.03694412615529097,F02534
0.019717912867720032,0.02844192222924375,0.8333333333333334,-0.02567866572739108,F01779
0.01955778867509393,0.026021539557810662,0.6666666666666666,-0.009327679955746127,F03429
0.019323034853547277,0.03320125006452674,0.6666666666666666,-0.03735371537841625,F01802
0.0192822962997984,0.030536384773653183,0.6666666666666666,-0.026821792111747067,F02254
0.019156606260005676,0.0279422938936008,0.8333333333333334,-0.028434406969474746,F04349
0.019050163698680057,0.022068939453026556,0.8333333333333334,-0.0003097886114979964,F03906
0.019038179019629054,0.024821038002975887,0.5,-0.012061407246847233,F04853
0.01902401338660222,0.02490795274617301,0.8333333333333334,-0.008707207040798082,F02301
0.018926225435397365,0.026974993808505036,0.6666666666666666,-0.02337023640658653,F04151
0.01873156284985589,0.028521478776912784,0.6666666666666666,-0.027016104933332064,F00663
0.018710967318206546,0.02874318049430859,0.6666666666666666,-0.013784829311811131,F01684
0.01851343908605737,0.023732497204689545,0.8333333333333334,-0.0031239227640043055,F00216
0.018463358693176266,0.02398823904508048,0.6666666666666666,-0.010675315012651732,F02526
0.018116757501559146,0.031220248893447714,0.6666666666666666,-0.025102108401478085,F02900
0.01810538744519153,0.013454758083734357,0.8333333333333334,-0.017024201885772916,F04842
0.01789257233095452,0.028416428913734297,0.8333333333333334,-0.028662398687243962,F04820
0.017739328174870714,0.02765963779342796,0.6666666666666666,-0.030721359799749215,F03704
0.017725203310893927,0.028100449192358035,0.8333333333333334,-0.01365295262020183,F02146
0.017715577352030967,0.024846261135955842,0.6666666666666666,-0.01738262912752253,F02771
0.017545964431510127,0.02368567220874833,0.6666666666666666,-0.02011119568120412,F02366
0.01753510786876954,0.03016383591994032,0.6666666666666666,-0.03182669915670244,F03891
0.01743200410547132,0.0304239792737144,0.6666666666666666,-0.03260660452902853,F04592
0.017399926010199285,0.029383793442226434,0.6666666666666666,-0.03743133732768966,F04557
0.017056190284323668,0.02802929435914226,0.8333333333333334,-0.036407967284417975,F03197
0.017025259781064173,0.02708701528209055,0.5,-0.03185517078652056,F03597
0.016992395592988856,0.031220791102113243,0.8333333333333334,-0.03819555700648347,F00612
0.01688267547277876,0.0243154088286849,0.8333333333333334,-0.011994345644868232,F02338
0.016853785168161255,0.025827909741980033,0.8333333333333334,-0.036638775219763886,F04242
0.016845269907933398,0.025893524518489756,0.6666666666666666,-0.020928426150354507,F00391
0.016845269907933398,0.025893524518489756,0.6666666666666666,-0.020928426150354507,F00571
0.016845269907933398,0.025893524518489756,0.6666666666666666,-0.020928426150354507,F00595
0.016845269907933398,0.025893524518489756,0.6666666666666666,-0.020928426150354507,F00799
0.016845269907933398,0.025893524518489756,0.6666666666666666,-0.020928426150354507,F00925
0.016845269907933398,0.025893524518489756,0.6666666666666666,-0.020928426150354507,F01039
0.016845269907933398,0.025893524518489756,0.6666666666666666,-0.020928426150354507,F01117
0.016845269907933398,0.025893524518489756,0.6666666666666666,-0.020928426150354507,F01123
0.016845269907933398,0.025893524518489756,0.6666666666666666,-0.020928426150354507,F01291
0.016845269907933398,0.025893524518489756,0.6666666666666666,-0.020928426150354507,F01417
0.016845269907933398,0.025893524518489756,0.6666666666666666,-0.020928426150354507,F01537
0.016845269907933398,0.025893524518489756,0.6666666666666666,-0.020928426150354507,F01855
0.016845269907933398,0.025893524518489756,0.6666666666666666,-0.020928426150354507,F02239
0.016845269907933398,0.025893524518489756,0.6666666666666666,-0.020928426150354507,F02341
0.016845269907933398,0.025893524518489756,0.6666666666666666,-0.020928426150354507,F03493
0.016845269907933398,0.025893524518489756,0.6666666666666666,-0.020928426150354507,F04099
0.016845269907933398,0.025893524518489756,0.6666666666666666,-0.020928426150354507,F04291
0.016845269907933398,0.025893524518489756,0.6666666666666666,-0.020928426150354507,F04453
0.016845269907933398,0.025893524518489756,0.6666666666666666,-0.020928426150354507,F04555
0.016845269907933398,0.025893524518489756,0.6666666666666666,-0.020928426150354507,F04585
0.016845269907933398,0.025893524518489756,0.6666666666666666,-0.020928426150354507,F04729
0.016845269907933398,0.025893524518489756,0.6666666666666666,-0.020928426150354507,F04849
0.01667316804312142,0.02290143256655682,0.6666666666666666,-0.025388957458111427,F02600
0.016580069815955625,0.026949928165009022,0.6666666666666666,-0.025460458737948888,F02538
0.0164418773738915,0.029835799163791647,0.5,-0.034032817841745944,F00117
0.01635234756392403,0.035539311229063196,0.8333333333333334,-0.035254352101847686,F03804
0.01635115463545473,0.021448050263232127,0.6666666666666666,-0.015932906443445805,F01168
0.016275480230358626,0.020128194840244047,0.6666666666666666,-0.01457232004171416,F01150
0.01616998141760579,0.023989990427916438,0.6666666666666666,-0.024717598145707842,F02468
0.016145287834290367,0.021395463353364227,0.6666666666666666,-0.007967524632503498,F02380
0.01610143895645419,0.02191189462309154,0.8333333333333334,-0.019145860262126835,F00836
0.016089803027231234,0.02915973616986443,0.8333333333333334,-0.024677465226357276,F02214
0.01597718226237989,0.02105749061878597,0.8333333333333334,-0.011614206416990402,F03251
0.01597072634692535,0.025191910675017165,0.6666666666666666,-0.026364864819223843,F04583
0.015955831891891953,0.02546371470572046,0.6666666666666666,-0.011691818897579642,F04805
0.01589673941907052,0.02699596396459756,0.6666666666666666,-0.03516654767015637,F03680
0.015819169394344378,0.022025886792338214,0.6666666666666666,-0.01873763881238677,F01307
0.015650862265883383,0.01644580528460549,0.6666666666666666,-0.0038349476640788804,F00533
0.015648688839439224,0.02467806009956662,0.6666666666666666,-0.027692387849358346,F01835
0.015474504285531765,0.019795603895844997,0.5,-0.007976116052153093,F01871
0.01544655679357107,0.007156066769914803,0.6666666666666666,-0.0065060673316327255,F01463
0.015415322595262949,0.022113642517000195,0.8333333333333334,-0.002269594984934953,F03621
0.015405025946550684,0.02858135676167549,0.6666666666666666,-0.019111374339155662,F01077
0.015326760750014403,0.02343825562942004,0.5,-0.011990338462533612,F01781
0.015235532889427417,0.02247106980402361,0.6666666666666666,-0.020855268287329642,F04074
0.015230557416523335,0.02371450103906133,0.6666666666666666,-0.019165332632580467,F00849
0.015222540933432394,0.025420936694045455,0.6666666666666666,-0.017257956070039104,F02772
0.015165586845529235,0.02088706432570499,0.8333333333333334,-0.01188250946918512,F04347
0.015061200671459458,0.018278417220139995,0.6666666666666666,-0.004205619606379218,F02738
0.015035431879812856,0.026977684259474465,0.6666666666666666,-0.03208998764803994,F04061
0.014939706777916499,0.026772303720635094,0.8333333333333334,-0.01193127798679905,F01985
0.014921125845029842,0.024522240126305602,0.6666666666666666,-0.03153492635896349,F00892
0.01485165246860993,0.017782745819989464,0.8333333333333334,-0.00146222564052656,F02822
0.014441387142508935,0.023084243626498056,0.8333333333333334,-0.020144306800848555,F03632
0.014411045448830841,0.021026234723172856,0.8333333333333334,-0.018852916085400184,F00447
0.01431185349486622,0.02448007162181798,0.6666666666666666,-0.02707497553830407,F01546
0.014264490515087207,0.031427605436868115,0.8333333333333334,-0.038280944418070395,F00837
0.014234183738227647,0.019904751871951752,0.8333333333333334,-0.01420438507384647,F01112
0.014194969811858714,0.019275757922890626,0.5,-0.013397920484319314,F01139
0.014186168418292525,0.023156963656483794,0.5,-0.03395808236105369,F04554
0.014121186353522105,0.02333941314441463,0.8333333333333334,-0.0290959848664869,F00602
0.014116580657022114,0.011450193015072305,0.8333333333333334,-0.016855875804299703,F02332
0.014088769728576993,0.014850890357783768,0.8333333333333334,0.0,F03441
0.0139421241886503,0.022976837584945668,0.8333333333333334,-0.0290959848664869,F04718
0.01393793108543515,0.023589069721966397,0.6666666666666666,-0.03453482641006067,F04776
0.01391666174103379,0.02653412543423038,0.8333333333333334,-0.02834386075682427,F04103
0.013769997054330966,0.01809775049991656,0.6666666666666666,-0.012540306819275537,F04782
0.01364570733305153,0.01482989477571963,0.6666666666666666,-0.019586383959204978,F00037
0.01364570733305153,0.01482989477571963,0.6666666666666666,-0.019586383959204978,F00121
0.01364570733305153,0.01482989477571963,0.6666666666666666,-0.019586383959204978,F00541
0.01364570733305153,0.01482989477571963,0.6666666666666666,-0.019586383959204978,F00949
0.01364570733305153,0.01482989477571963,0.6666666666666666,-0.019586383959204978,F02041
0.01364570733305153,0.01482989477571963,0.6666666666666666,-0.019586383959204978,F02173
0.01364570733305153,0.01482989477571963,0.6666666666666666,-0.019586383959204978,F02473
0.01364570733305153,0.01482989477571963,0.6666666666666666,-0.019586383959204978,F03061
0.01364570733305153,0.01482989477571963,0.6666666666666666,-0.019586383959204978,F03589
0.01364570733305153,0.01482989477571963,0.6666666666666666,-0.019586383959204978,F03673
0.01364570733305153,0.01482989477571963,0.6666666666666666,-0.019586383959204978,F03919
0.01364570733305153,0.01482989477571963,0.6666666666666666,-0.019586383959204978,F03985
0.01364570733305153,0.01482989477571963,0.6666666666666666,-0.019586383959204978,F04135
0.01364570733305153,0.01482989477571963,0.6666666666666666,-0.019586383959204978,F04861
0.013517723712184956,0.023827229655571547,0.5,-0.023944261655118093,F02394
0.013463085360202982,0.02253986225068673,0.6666666666666666,-0.020624092513590764,F04178
0.013444009262617688,0.02714830965278101,0.6666666666666666,-0.021620320308210483,F00624
0.013308736275606785,0.024162133317865635,0.6666666666666666,-0.025523399899009425,F04472
0.013286120332070179,0.030538698998608726,0.8333333333333334,-0.03841477213037703,F00580
0.013252725190785235,0.021919977075813946,0.6666666666666666,-0.020624092513590653,F03578
0.013222714699356432,0.018690788551062164,0.5,-0.0065048317739826444,F01860
0.013221697262334558,0.020541222204025468,0.8333333333333334,-0.01780036497095483,F03936
0.013118013818076965,0.020269463657918953,0.6666666666666666,-0.014089767118982577,F02643
0.013084735552752164,0.027840235383065563,0.8333333333333334,-0.02699711384794301,F01344
0.013001049612886423,0.024828955819077615,0.6666666666666666,-0.03162040241421027,F03666
0.012965528072776795,0.02647649254467112,0.5,-0.02739722323644256,F02793
0.012935840280080761,0.02597555483783621,0.6666666666666666,-0.02702958835198499,F02121
0.012895416969456189,0.019998363729873903,0.6666666666666666,-0.014953914382416444,F00050
0.012814866540417238,0.018115561644317154,0.6666666666666666,-0.0035831928171358163,F03244
0.012790120110806984,0.019520636944448076,0.6666666666666666,-0.0025216184359139193,F01667
0.012754930623360954,0.02205810852031334,0.5,-0.03212233183995039,F01193
0.012730377377768574,0.016953940036500352,0.6666666666666666,-0.0023735007289030774,F01565
0.012668650969514885,0.010821473906555554,0.8333333333333334,-0.021008335415795276,F01473
0.012665498441502677,0.023008320040363798,0.8333333333333334,-0.006939506706479692,F04785
0.012646266906690823,0.02479339363758945,0.8333333333333334,-0.021173597185964677,F03426
0.012634398379579673,0.02363777948855362,0.8333333333333334,-0.006484559871210327,F00149
0.012632636368115499,0.026534283972354696,0.6666666666666666,-0.031401145629347815,F00181
0.012632636368115499,0.026534283972354696,0.6666666666666666,-0.031401145629347815,F00343
0.012632636368115499,0.026534283972354696,0.6666666666666666,-0.031401145629347815,F00709
0.012632636368115499,0.026534283972354696,0.6666666666666666,-0.031401145629347815,F01081
0.012632636368115499,0.026534283972354696,0.6666666666666666,-0.031401145629347815,F01945
0.012632636368115499,0.026534283972354696,0.6666666666666666,-0.031401145629347815,F02305
0.012632636368115499,0.026534283972354696,0.6666666666666666,-0.031401145629347815,F02497
0.012632636368115499,0.026534283972354696,0.6666666666666666,-0.031401145629347815,F02701
0.012632636368115499,0.026534283972354696,0.6666666666666666,-0.031401145629347815,F03817
0.012632636368115499,0.026534283972354696,0.6666666666666666,-0.031401145629347815,F04189
0.012632636368115499,0.026534283972354696,0.6666666666666666,-0.031401145629347815,F04465
0.012632636368115499,0.026534283972354696,0.6666666666666666,-0.031401145629347815,F04645
0.012610578531705075,0.016541143628421455,0.6666666666666666,-0.008800251927569613,F02942
0.012585039793830573,0.01920233797329813,0.8333333333333334,-0.024808521765883218,F00311
0.012544934183208442,0.021607816560571973,0.6666666666666666,-0.029848025368372055,F03736
0.0123692260643598,0.026826059485396115,0.8333333333333334,-0.02654710495413315,F02650
0.012319233631564293,0.02732360398959,0.8333333333333334,-0.04930922071227373,F04877
0.012316049253331813,0.028470973328875222,0.8333333333333334,-0.024290964099801915,F03914
0.012293220045342189,0.02670593957930228,0.6666666666666666,-0.03504797328938336,F04938
0.012284503623883624,0.02160888583879254,0.5,-0.02074654993335112,F01232
0.012263597743376937,0.01715633934013354,0.6666666666666666,-0.01983491741751897,F04001
0.012253868627610714,0.020199649513960683,0.8333333333333334,-0.03086687879305494,F04630
0.01206863425898171,0.009037720876198151,0.5,-0.018273526624786318,F04498
0.012057616289917687,0.02649941203556354,0.6666666666666666,-0.0312739288998678,F03006
0.012005336959613217,0.01800602707706159,0.8333333333333334,-0.017890230020648046,F00250
0.011984802097020068,0.021712316333981116,0.8333333333333334,-0.017149639919012194,F00958
0.011922002948600362,0.019125878987086852,0.6666666666666666,-0.012865187568998238,F02279
0.011838084806215472,0.024360958975303004,0.8333333333333334,-0.0312883058948944,F00408
0.011808904891392386,0.02012530426990644,0.8333333333333334,-0.02048843004075762,F04588
0.011716615441662914,0.01964499933310447,0.5,-0.006354688195289837,F02097
0.011629617972795075,0.02056156294749375,0.6666666666666666,-0.01957273740438803,F01612
0.011502576940490443,0.01684439284371747,0.8333333333333334,-0.012419791033253413,F02579
0.011425303490456711,0.022427723274001433,1.0,0.0,F03966
0.01139261375227784,0.020941714094197365,0.6666666666666666,-0.02422731924863286,F02828
0.011302822759159108,0.01916356176332623,0.6666666666666666,-0.022937796115410025,F01448
0.011279257450515227,0.02616074528110957,0.8333333333333334,-0.03770221062590895,F03700
0.011268453674378003,0.027698627155363607,0.8333333333333334,-0.03430607155477605,F02123
