candidate,kind,pool,rule,bps,avg_exposure,avg_active_names,avg_turnover,FULL5Y_months,FULL5Y_geo_monthly,FULL5Y_cumulative,FULL5Y_positive_month_pct,FULL5Y_worst_month,FULL5Y_best_month,FULL5Y_max_drawdown_pct,TRAIN_months,TRAIN_geo_monthly,TRAIN_cumulative,TRAIN_positive_month_pct,TRAIN_worst_month,TRAIN_best_month,TRAIN_max_drawdown_pct,DEV_months,DEV_geo_monthly,DEV_cumulative,DEV_positive_month_pct,DEV_worst_month,DEV_best_month,DEV_max_drawdown_pct,OOS_months,OOS_geo_monthly,OOS_cumulative,OOS_positive_month_pct,OOS_worst_month,OOS_best_month,OOS_max_drawdown_pct,HOLDOUT_months,HOLDOUT_geo_monthly,HOLDOUT_cumulative,HOLDOUT_positive_month_pct,HOLDOUT_worst_month,HOLDOUT_best_month,HOLDOUT_max_drawdown_pct
BASELINE,BASE,20,M1_BASE,20.0,0.9666666666666667,19.333333333333332,0.8825000000000002,59,-0.010112959755541218,-0.45102487297977323,0.423728813559322,-0.1516704196479877,0.2615586216634985,-0.6623134616201232,11,-0.007488145453953107,-0.07935387532756633,0.45454545454545453,-0.1494920430205211,0.2615586216634985,-0.25509000345101385,12,-0.02087715006180626,-0.22367024758501275,0.3333333333333333,-0.1516704196479877,0.20779136439657334,-0.3250947213785056,12,0.006212997143655729,0.07715716129653027,0.5,-0.1405689389234809,0.213397262795747,-0.39828460865768156,12,-0.011443859368830486,-0.12900420567220272,0.3333333333333333,-0.13838271474013836,0.05535935924569471,-0.07745998930406517
BASELINE,BASE,20,M1_BASE,40.0,0.9666666666666667,19.333333333333332,0.8825000000000002,59,-0.011918364127888504,-0.5070795502838006,0.423728813559322,-0.15357041964798768,0.25975862166349856,-0.6847329987962942,11,-0.009362071393634147,-0.09829501628288184,0.45454545454545453,-0.1513920430205211,0.25975862166349856,-0.26249780632561814,12,-0.02273507444901828,-0.2411643173825524,0.3333333333333333,-0.15357041964798768,0.20629136439657333,-0.3345328224055166,12,0.004357936534044741,0.053567072643738056,0.5,-0.1424689389234809,0.211397262795747,-0.4043884552541962,12,-0.01327154870200825,-0.14813297033974804,0.3333333333333333,-0.14018271474013835,0.05365935924569471,-0.0846860319963939
BASELINE,BASE,20,M1_BASE,60.0,0.9666666666666667,19.333333333333332,0.8825000000000002,59,-0.013723888802689658,-0.5575009602112213,0.4067796610169492,-0.1554704196479877,0.25795862166349853,-0.7057033410330056,11,-0.01123604428425478,-0.11688168956908929,0.45454545454545453,-0.1532920430205211,0.25795862166349853,-0.26984662409683613,12,-0.024593073678399253,-0.2582970231520403,0.3333333333333333,-0.1554704196479877,0.20479136439657333,-0.34385759735227583,12,0.002502805382497272,0.030450559471697503,0.5,-0.1443689389234809,0.209397262795747,-0.4104427682377092,12,-0.015099264669682609,-0.16687620168487383,0.25,-0.14198271474013835,0.05195935924569471,-0.0918695644573595
TV_ALL_BUY,TV,20,TV_ALL_D>0.1,20.0,0.17166666666666666,3.433333333333333,0.16999999999999998,59,-0.007853008959119185,-0.37196310678809363,0.22033898305084745,-0.06571990327906228,0.1749206436207453,-0.3831205390448913,11,-0.008170387765652662,-0.08629126721440405,0.18181818181818182,-0.05527067607918746,0.02272425619742886,-0.0856658775251532,12,-0.011691424414628792,-0.13161809499520427,0.08333333333333333,-0.03320424228768475,0.025899999046325686,-0.11946949433720311,12,0.005005318399730163,0.06174523385057773,0.3333333333333333,-0.03583387098374678,0.1749206436207453,-0.07662461129281484,12,-0.012666636148635849,-0.14184496552462045,0.25,-0.06571990327906228,0.028393095391967257,-0.10683950545673304
TV_ALL_BUY,TV,20,TV_ALL_D>0.1,40.0,0.17166666666666666,3.433333333333333,0.16999999999999998,59,-0.008199261238212886,-0.38476473733193906,0.22033898305084745,-0.06606990327906229,0.1744206436207453,-0.39167058969745694,11,-0.008483904451891025,-0.08946330066152952,0.18181818181818182,-0.05552067607918746,0.02242425619742886,-0.0877413496417262,12,-0.011975994740806843,-0.13461381626836488,0.08333333333333333,-0.03360424228768476,0.025799999046325687,-0.12183755103227645,12,0.0046776453489933804,0.05759860379974979,0.3333333333333333,-0.03618387098374678,0.1744206436207453,-0.07876777622601472,12,-0.013112088974045423,-0.14647951498905198,0.25,-0.06606990327906229,0.028043095391967258,-0.11102764183345992
TV_ALL_BUY,TV,20,TV_ALL_D>0.1,60.0,0.17166666666666666,3.433333333333333,0.16999999999999998,59,-0.00854553770738633,-0.39731062654800486,0.22033898305084745,-0.06641990327906228,0.1739206436207453,-0.4001054885036279,11,-0.008797436644065964,-0.09262547614292427,0.18181818181818182,-0.05577067607918746,0.02212425619742886,-0.09054399038531358,12,-0.012260579749828821,-0.1376002153046202,0.08333333333333333,-0.034004242287684755,0.025699999046325684,-0.1242000534844463,12,0.004349944066023435,0.05346646828003432,0.3333333333333333,-0.03653387098374678,0.1739206436207453,-0.08090665851246814,12,-0.013557546160764143,-0.1510911556010095,0.25,-0.06641990327906228,0.027693095391967258,-0.1151981228534581
TV_ALL_STRONG,TV,20,TV_ALL_D>0.5,20.0,0.020000000000000004,0.4,0.01958333333333333,59,-0.0012862296849888745,-0.07312484393704877,0.03389830508474576,-0.030100002607703156,0.08553829568000121,-0.08992134619726067,11,-0.0014064299501681525,-0.015362394703982596,0.0,-0.006460256953385613,0.0,-0.010170933743617994,12,-0.0020095775070946226,-0.02385017292816094,0.0,-0.01671667564953371,0.0,-0.007254772965197387,12,0.003323641381853989,0.0406209096627872,0.08333333333333333,-0.03005000074505809,0.08553829568000121,-0.04133005030646497,12,-0.006324345714694271,-0.07330719017362308,0.08333333333333333,-0.030100002607703156,0.028593095391967256,-0.08992134619726055
TV_ALL_STRONG,TV,20,TV_ALL_D>0.5,40.0,0.020000000000000004,0.4,0.01958333333333333,59,-0.0013261006082814742,-0.07530549308244905,0.03389830508474576,-0.030200002607703155,0.0854382956800012,-0.09088771487869107,11,-0.0014337350911221272,-0.015658513098390836,0.0,-0.006510256953385613,0.0,-0.010418873477386792,12,-0.002034628608776702,-0.02414416676547737,0.0,-0.016766675649533706,0.0,-0.007503296453888253,12,0.003282281110138196,0.040106252919656527,0.08333333333333333,-0.030100000745058086,0.0854382956800012,-0.0416679804950274,12,-0.006428573989136406,-0.0744729454958285,0.08333333333333333,-0.030200002607703155,0.028443095391967255,-0.09088771487869118
TV_ALL_STRONG,TV,20,TV_ALL_D>0.5,60.0,0.020000000000000004,0.4,0.01958333333333333,59,-0.0013659737321118192,-0.07748121852885281,0.03389830508474576,-0.030300002607703158,0.08533829568000122,-0.09185318110109497,11,-0.0014610408543010186,-0.015954557277360615,0.0,-0.006560256953385613,0.0,-0.010666763524123102,12,-0.0020596803393568386,-0.024438086812810456,0.0,-0.016816675649533708,0.0,-0.007751770167900074,12,0.0032409197149265885,0.03959181553690816,0.08333333333333333,-0.030150000745058088,0.08533829568000122,-0.0420058134481226,12,-0.006532804578360055,-0.07563738224005667,0.08333333333333333,-0.030300002607703158,0.028293095391967258,-0.09185318110109486
TV_OSC_BUY,TV,20,TV_OSC_D>0.1,20.0,0.20833333333333334,4.166666666666667,0.20583333333333334,59,-0.00379733240010786,-0.20105971541116574,0.3559322033898305,-0.08492134994393115,0.0810899323033217,-0.2783285725465453,11,-0.0063684304744708415,-0.06786418418810791,0.36363636363636365,-0.04735831914176473,0.0119965540754597,-0.07119639828851587,12,-0.0029310658688257523,-0.03461127821937526,0.5,-0.08492134994393115,0.04064490734559531,-0.041709013437427056,12,0.008529907919115473,0.10730020604659152,0.3333333333333333,-0.0449102337297317,0.0810899323033217,-0.08527677935613187,12,-0.0086785344762161,-0.09931252593554085,0.3333333333333333,-0.03442727495013184,0.035665680063660984,-0.08765184689390193
TV_OSC_BUY,TV,20,TV_OSC_D>0.1,40.0,0.20833333333333334,4.166666666666667,0.20583333333333334,59,-0.004216501133511297,-0.22065349368325315,0.3559322033898305,-0.08547134994393116,0.08063993230332171,-0.29082436216907437,11,-0.006846554575880652,-0.07278619427480582,0.36363636363636365,-0.04790831914176472,0.0117465540754597,-0.07401922712719711,12,-0.0033641813775558116,-0.03963152065433395,0.5,-0.08547134994393116,0.04014490734559531,-0.04354314468978382,12,0.008111313247084199,0.10179770194944293,0.3333333333333333,-0.0456602337297317,0.08063993230332171,-0.08793000595360467,12,-0.009119581444813434,-0.10410945459834808,0.3333333333333333,-0.03487727495013184,0.03501568006366098,-0.09214303442814165
TV_OSC_BUY,TV,20,TV_OSC_D>0.1,60.0,0.20833333333333334,4.166666666666667,0.20583333333333334,59,-0.004635700777179876,-0.23977608087748004,0.3389830508474576,-0.08602134994393115,0.0801899323033217,-0.3031100701517552,11,-0.00732471963499844,-0.07768498436315519,0.36363636363636365,-0.048458319141764725,0.0114965540754597,-0.07683512219059385,12,-0.0037973286475472524,-0.044628187347082515,0.5,-0.08602134994393115,0.03964490734559531,-0.04541730747493178,12,0.007692682232648188,0.09631979872387197,0.3333333333333333,-0.0464102337297317,0.0801899323033217,-0.09057713002310563,12,-0.009560642158641807,-0.10888310250315303,0.25,-0.03532727495013184,0.03436568006366098,-0.09661426309394872
TV_OSC_STRONG,TV,20,TV_OSC_D>0.5,20.0,0.0016666666666666668,0.03333333333333333,0.0016666666666666668,59,-2.9634126619060547e-05,-0.0017469117477135754,0.0,-0.001102630588288439,0.0,-0.0017469117477135754,11,0.0,0.0,0.0,0.0,0.0,0.0,12,-4.959870283742314e-05,-0.0005950220988218957,0.0,-0.0005450493512894783,0.0,-0.0005950220988218957,12,0.0,0.0,0.0,0.0,0.0,0.0,12,-9.609873077649272e-05,-0.001152575456758953,0.0,-0.001102630588288439,0.0,-0.001152575456758953
TV_OSC_STRONG,TV,20,TV_OSC_D>0.5,40.0,0.0016666666666666668,0.03333333333333333,0.0016666666666666668,59,-3.3025418070858575e-05,-0.001946634686150528,0.0,-0.0011526305882884392,0.0,-0.001946634686150528,11,0.0,0.0,0.0,0.0,0.0,0.0,12,-5.7934277057606754e-05,-0.0006949898463544102,0.0,-0.0005950493512894784,0.0,-0.0006949898463544102,12,0.0,0.0,0.0,0.0,0.0,0.0,12,-0.00010443624433448288,-0.0012525153252295196,0.0,-0.0011526305882884392,0.0,-0.0012525153252295196
TV_OSC_STRONG,TV,20,TV_OSC_D>0.5,60.0,0.0016666666666666668,0.03333333333333333,0.0016666666666666668,59,-3.641686767207969e-05,-0.0021463276537974085,0.0,-0.0012026305882884391,0.0,-0.0021463276537974085,11,0.0,0.0,0.0,0.0,0.0,0.0,12,-6.62701987214135e-05,-0.000794952593886844,0.0,-0.0006450493512894783,0.0,-0.000794952593886844,12,0.0,0.0,0.0,0.0,0.0,0.0,12,-0.00011277410551404622,-0.0013524501937001165,0.0,-0.0012026305882884391,0.0,-0.0013524501937001165
TV_MA_BUY,TV,20,TV_MA_D>0.1,20.0,0.19166666666666662,3.8333333333333335,0.18999999999999997,59,-0.009644486304315825,-0.43548393603104274,0.22033898305084745,-0.07014468423260277,0.1749206436207453,-0.43796335145489196,11,-0.008799457637924927,-0.09264582675222266,0.18181818181818182,-0.039816633405321815,0.02272425619742886,-0.09129302089538027,12,-0.012698055226637172,-0.14217260831401246,0.08333333333333333,-0.033304242287684756,0.025849999046325685,-0.13003928512877472,12,0.00414246506006373,0.050857927208756815,0.3333333333333333,-0.03593387098374678,0.1749206436207453,-0.08925166282159036,12,-0.017408701826919497,-0.1900187522266613,0.25,-0.07014468423260277,0.017043095112570492,-0.1435140745706469
TV_MA_BUY,TV,20,TV_MA_D>0.1,40.0,0.19166666666666662,3.8333333333333335,0.18999999999999997,59,-0.010031620990192757,-0.44835708144747033,0.22033898305084745,-0.07049468423260277,0.1744206436207453,-0.4506432206422727,11,-0.009140572580080964,-0.09607478004899728,0.18181818181818182,-0.040016633405321814,0.02242425619742886,-0.09436429215710906,12,-0.013016026475872081,-0.14548201302133656,0.08333333333333333,-0.033804242287684756,0.025699999046325684,-0.13260214950307248,12,0.0037598693598498187,0.04606324200426459,0.3333333333333333,-0.03638387098374678,0.1744206436207453,-0.09196504556945817,12,-0.017883182664513858,-0.19469986243080106,0.25,-0.07049468423260277,0.01659309511257049,-0.1477662287079332
TV_MA_BUY,TV,20,TV_MA_D>0.1,60.0,0.19166666666666662,3.8333333333333335,0.18999999999999997,59,-0.010418782920063674,-0.46094240880915127,0.2033898305084746,-0.07084468423260276,0.1739206436207453,-0.4630427084167815,11,-0.009481711098594027,-0.09949218484329969,0.18181818181818182,-0.04021663340532182,0.02212425619742886,-0.097426451077822,12,-0.01333401480016602,-0.1487798873567644,0.08333333333333333,-0.03430424228768476,0.025549999046325687,-0.1351584157418585,12,0.003377242015738809,0.04128822373855634,0.3333333333333333,-0.036833870983746776,0.1739206436207453,-0.0946714744630377,12,-0.018357669545515286,-0.19935622082669502,0.25,-0.07084468423260276,0.01614309511257049,-0.1519994237739578
TV_REVERSAL,TV,20,TV_OSC_D>0.1 & TV_MA_D<0.1,20.0,0.1391666666666667,2.783333333333333,0.13708333333333333,59,-0.0023744526790800253,-0.130867154379822,0.3220338983050847,-0.06820467429439744,0.08572637146396828,-0.17460845087862487,11,-0.004030241257579621,-0.043450012132159044,0.2727272727272727,-0.04735831914176473,0.024615659518629318,-0.05301995207275301,12,-0.0013445515639093934,-0.01601583585995825,0.4166666666666667,-0.06820467429439744,0.04069490734559531,-0.01646161251528122,12,0.004200194277795391,0.051583135763468846,0.3333333333333333,-0.035626485762947656,0.08572637146396828,-0.059844039420089756,12,-0.005113757977638396,-0.05966824565148965,0.25,-0.038755340834326635,0.019299013396994264,-0.05714048191619181
TV_REVERSAL,TV,20,TV_OSC_D>0.1 & TV_MA_D<0.1,40.0,0.1391666666666667,2.783333333333333,0.13708333333333333,59,-0.0026538237297629988,-0.14511107467607887,0.3220338983050847,-0.06870467429439744,0.08532637146396828,-0.18505834059611925,11,-0.004381400612021328,-0.0471533468138674,0.2727272727272727,-0.04790831914176472,0.02421565951862932,-0.055745743096160205,12,-0.0016944784586401548,-0.020145304817978826,0.4166666666666667,-0.06870467429439744,0.04024490734559531,-0.017694705762390073,12,0.003911673420965902,0.04796324385956696,0.3333333333333333,-0.035826485762947655,0.08532637146396828,-0.062176548222175554,12,-0.005355731886751104,-0.06240904089299071,0.25,-0.03915534083432664,0.018949013396994265,-0.05960576820923602
TV_REVERSAL,TV,20,TV_OSC_D>0.1 & TV_MA_D<0.1,60.0,0.1391666666666667,2.783333333333333,0.13708333333333333,59,-0.002933228159094644,-0.15912710982117306,0.3220338983050847,-0.06920467429439744,0.08492637146396827,-0.19538038828651283,11,-0.004732596017327903,-0.050844020855862704,0.2727272727272727,-0.048458319141764725,0.02381565951862932,-0.058465029449339734,12,-0.0020444478481197537,-0.024259380904985473,0.4166666666666667,-0.06920467429439744,0.039794907345595314,-0.018926606354492836,12,0.0036231142043635835,0.04435429867912455,0.3333333333333333,-0.03602648576294766,0.08492637146396827,-0.06450437416670729,12,-0.00559771432188777,-0.0651426076337106,0.25,-0.03955534083432664,0.018599013396994265,-0.06206528624789298
TV_REVERSAL_STRONG,TV,20,TV_OSC_D>0.5 & TV_MA_D<0,20.0,0.0016666666666666668,0.03333333333333333,0.0016666666666666668,59,-2.9634126619060547e-05,-0.0017469117477135754,0.0,-0.001102630588288439,0.0,-0.0017469117477135754,11,0.0,0.0,0.0,0.0,0.0,0.0,12,-4.959870283742314e-05,-0.0005950220988218957,0.0,-0.0005450493512894783,0.0,-0.0005950220988218957,12,0.0,0.0,0.0,0.0,0.0,0.0,12,-9.609873077649272e-05,-0.001152575456758953,0.0,-0.001102630588288439,0.0,-0.001152575456758953
TV_REVERSAL_STRONG,TV,20,TV_OSC_D>0.5 & TV_MA_D<0,40.0,0.0016666666666666668,0.03333333333333333,0.0016666666666666668,59,-3.3025418070858575e-05,-0.001946634686150528,0.0,-0.0011526305882884392,0.0,-0.001946634686150528,11,0.0,0.0,0.0,0.0,0.0,0.0,12,-5.7934277057606754e-05,-0.0006949898463544102,0.0,-0.0005950493512894784,0.0,-0.0006949898463544102,12,0.0,0.0,0.0,0.0,0.0,0.0,12,-0.00010443624433448288,-0.0012525153252295196,0.0,-0.0011526305882884392,0.0,-0.0012525153252295196
TV_REVERSAL_STRONG,TV,20,TV_OSC_D>0.5 & TV_MA_D<0,60.0,0.0016666666666666668,0.03333333333333333,0.0016666666666666668,59,-3.641686767207969e-05,-0.0021463276537974085,0.0,-0.0012026305882884391,0.0,-0.0021463276537974085,11,0.0,0.0,0.0,0.0,0.0,0.0,12,-6.62701987214135e-05,-0.000794952593886844,0.0,-0.0006450493512894783,0.0,-0.000794952593886844,12,0.0,0.0,0.0,0.0,0.0,0.0,12,-0.00011277410551404622,-0.0013524501937001165,0.0,-0.0012026305882884391,0.0,-0.0013524501937001165
TV_MTF_ALL,TV,20,TV_ALL_D>0.1 & TV_ALL_W>0.1 & TV_ALL_M>0.1,20.0,0.005833333333333334,0.11666666666666667,0.005416666666666668,59,-0.0001522998392752097,-0.008946118057672425,0.03389830508474576,-0.008383331781128999,0.013586364071743401,-0.023714831682645654,11,-0.001410993048119284,-0.015411886157295385,0.0,-0.006460256953385613,0.0,-0.010170933743617994,12,0.0,0.0,0.0,0.0,0.0,0.0,12,-0.0007054736026027899,-0.008432912614539934,0.0,-0.008383331781128999,0.0,-0.008432912614539934,12,0.0001266149133027487,0.0015204374745114713,0.08333333333333333,-0.002090817381589899,0.0036690046004932255,-0.0021407128407208154
TV_MTF_ALL,TV,20,TV_ALL_D>0.1 & TV_ALL_W>0.1 & TV_ALL_M>0.1,40.0,0.005833333333333334,0.11666666666666667,0.005416666666666668,59,-0.00016332764302797484,-0.009590829756940589,0.03389830508474576,-0.008433331781128999,0.013536364071743402,-0.02415550921791676,11,-0.0014428617047556559,-0.015757471211043095,0.0,-0.006510256953385613,0.0,-0.010418873477386903,12,0.0,0.0,0.0,0.0,0.0,0.0,12,-0.000713836641170642,-0.008532488447950959,0.0,-0.008433331781128999,0.0,-0.008532488447950959,12,0.00011411939053442766,0.0013702925469913918,0.08333333333333333,-0.0021408173815898987,0.0036190046004932258,-0.002240603299851651
TV_MTF_ALL,TV,20,TV_ALL_D>0.1 & TV_ALL_W>0.1 & TV_ALL_M>0.1,60.0,0.005833333333333334,0.11666666666666667,0.005416666666666668,59,-0.00017435596286125994,-0.010235159297361407,0.03389830508474576,-0.008483331781129,0.0134863640717434,-0.024596014862496074,11,-0.0014747314014370379,-0.016102957262832063,0.0,-0.006560256953385613,0.0,-0.010666763524123102,12,0.0,0.0,0.0,0.0,0.0,0.0,12,-0.0007222000297123716,-0.008632059281361792,0.0,-0.008483331781129,0.0,-0.008632059281361792,12,0.00010162339938418985,0.0012201626263623755,0.08333333333333333,-0.002190817381589899,0.0035690046004932256,-0.0023404887589826284
TV_MTF_OSC,TV,20,TV_OSC_D>0.1 & TV_OSC_W>0.1 & TV_OSC_M>0.1,20.0,0.01416666666666667,0.2833333333333333,0.013750000000000004,59,-0.0004889955029572327,-0.02844538146333042,0.05084745762711865,-0.01671667564953371,0.026140476866265843,-0.042574909476537526,11,-8.605629116478651e-05,-0.0009462119952612369,0.09090909090909091,-0.011100007425235259,0.012450001064368672,-0.013182140212790405,12,-0.0003430348934883072,-0.004108661181594475,0.08333333333333333,-0.01671667564953371,0.025899999046325686,-0.012648742531375046,12,0.0004312866340220639,0.005187733813031725,0.08333333333333333,-0.014335713905582654,0.026140476866265843,-0.014434277870031376,12,-0.002411116073625012,-0.028552770225906077,0.0,-0.010050002483526771,0.0,-0.028552770225906077
TV_MTF_OSC,TV,20,TV_OSC_D>0.1 & TV_OSC_W>0.1 & TV_OSC_M>0.1,40.0,0.01416666666666667,0.2833333333333333,0.013750000000000004,59,-0.0005169761500477652,-0.030048762987252564,0.05084745762711865,-0.016766675649533706,0.026090476866265845,-0.043056293841333915,11,-0.00013157348997676195,-0.0014463566283938745,0.09090909090909091,-0.01120000742523526,0.012400001064368673,-0.01357812359486199,12,-0.00037627216322759684,-0.004505933339956858,0.08333333333333333,-0.016766675649533706,0.025799999046325687,-0.012797470126000077,12,0.0003979583652745021,0.00478596673801146,0.08333333333333333,-0.014385713905582654,0.026090476866265845,-0.014582826906658575,12,-0.0024403933043761574,-0.028894835316593648,0.0,-0.010100002483526771,0.0,-0.028894835316593648
TV_MTF_OSC,TV,20,TV_OSC_D>0.1 & TV_OSC_W>0.1 & TV_OSC_M>0.1,60.0,0.01416666666666667,0.2833333333333333,0.013750000000000004,59,-0.000544958092709488,-0.03164961724570681,0.05084745762711865,-0.016816675649533708,0.026040476866265844,-0.04353747006763675,11,-0.00017709272658496058,-0.0019462960076526148,0.09090909090909091,-0.01130000742523526,0.012350001064368671,-0.013973987792731513,12,-0.0004095107984017625,-0.004903076535114681,0.08333333333333333,-0.016816675649533708,0.025699999046325684,-0.012946182784625004,12,0.000364629541169286,0.004384340178564816,0.08333333333333333,-0.014435713905582655,0.026040476866265844,-0.014731361016214417,12,-0.0024696719922904574,-0.029236807010454946,0.0,-0.010150002483526772,0.0,-0.029236807010454946
SUPER_RSI_TREND,STRATEGY,20,ST10X30_DIR==1 & RSI14<70 & close>SMA200,20.0,0.0,0.0,0.0,59,0.0,0.0,0.0,0.0,0.0,0.0,11,0.0,0.0,0.0,0.0,0.0,0.0,12,0.0,0.0,0.0,0.0,0.0,0.0,12,0.0,0.0,0.0,0.0,0.0,0.0,12,0.0,0.0,0.0,0.0,0.0,0.0
SUPER_RSI_TREND,STRATEGY,20,ST10X30_DIR==1 & RSI14<70 & close>SMA200,40.0,0.0,0.0,0.0,59,0.0,0.0,0.0,0.0,0.0,0.0,11,0.0,0.0,0.0,0.0,0.0,0.0,12,0.0,0.0,0.0,0.0,0.0,0.0,12,0.0,0.0,0.0,0.0,0.0,0.0,12,0.0,0.0,0.0,0.0,0.0,0.0
SUPER_RSI_TREND,STRATEGY,20,ST10X30_DIR==1 & RSI14<70 & close>SMA200,60.0,0.0,0.0,0.0,59,0.0,0.0,0.0,0.0,0.0,0.0,11,0.0,0.0,0.0,0.0,0.0,0.0,12,0.0,0.0,0.0,0.0,0.0,0.0,12,0.0,0.0,0.0,0.0,0.0,0.0,12,0.0,0.0,0.0,0.0,0.0,0.0
RSI2_PULLBACK,STRATEGY,20,RSI2<5 & close>SMA200 & WPR14<-90,20.0,0.0008333333333333334,0.016666666666666666,0.0008333333333333334,59,3.593052607349183e-05,0.0021221114526970286,0.01694915254237288,-5e-05,0.0021722200637001423,-4.999999999999449e-05,11,-4.545557854526791e-06,-4.999999999999449e-05,0.0,-5e-05,0.0,0.0,12,0.0,0.0,0.0,0.0,0.0,0.0,12,0.0,0.0,0.0,0.0,0.0,0.0,12,0.0,0.0,0.0,0.0,0.0,0.0
RSI2_PULLBACK,STRATEGY,20,RSI2<5 & close>SMA200 & WPR14<-90,40.0,0.0008333333333333334,0.016666666666666666,0.0008333333333333334,59,3.4237303631168376e-05,0.002022007841693707,0.01694915254237288,-0.0001,0.0021222200637001426,-9.999999999998899e-05,11,-9.091322340347519e-06,-9.999999999998899e-05,0.0,-0.0001,0.0,0.0,12,0.0,0.0,0.0,0.0,0.0,0.0,12,0.0,0.0,0.0,0.0,0.0,0.0,12,0.0,0.0,0.0,0.0,0.0,0.0
RSI2_PULLBACK,STRATEGY,20,RSI2<5 & close>SMA200 & WPR14<-90,60.0,0.0008333333333333334,0.016666666666666666,0.0008333333333333334,59,3.254399947803129e-05,0.0019219092306905772,0.01694915254237288,-0.00015,0.0020722200637001424,-0.0001500000000000945,11,-1.3637293477188496e-05,-0.00014999999999998348,0.0,-0.00015,0.0,0.0,12,0.0,0.0,0.0,0.0,0.0,0.0,12,0.0,0.0,0.0,0.0,0.0,0.0,12,0.0,0.0,0.0,0.0,0.0,0.0
BB_RSI_MACD_ADX,STRATEGY,20,close<BB_LOWER20 & RSI14<35 & MACD>MACD_SIGNAL & ADX14>20,20.0,0.012500000000000004,0.25,0.0125,59,0.0006987048663130047,0.04207007573671939,0.1016949152542373,-0.025050019158649205,0.0550130991842599,-0.026074255118362033,11,0.0002179328327728234,0.002399875078682223,0.09090909090909091,-5e-05,0.0024499975785613306,-5.0000000000105516e-05,12,0.0008945267874378234,0.010787290997874788,0.16666666666666666,-0.018606699944686347,0.024364827989180885,-9.999999999998899e-05,12,0.0023389027160271355,0.028430713086942783,0.08333333333333333,-0.025050019158649205,0.0550130991842599,-0.02505001915864924,12,0.0007819900121595356,0.009424345086827435,0.08333333333333333,-0.0022623872799678703,0.011814411145988253,-0.0023621585468959205
BB_RSI_MACD_ADX,STRATEGY,20,close<BB_LOWER20 & RSI14<35 & MACD>MACD_SIGNAL & ADX14>20,40.0,0.012500000000000004,0.25,0.0125,59,0.00067344868736263,0.040519491327123625,0.1016949152542373,-0.025100019158649203,0.0548130991842599,-0.026513753145631203,11,0.00020885064114512986,0.0022997575788035185,0.09090909090909091,-0.0001,0.002399997578561331,-9.999999999998899e-05,12,0.000861304471614064,0.010384756298132292,0.16666666666666666,-0.018656699944686345,0.024264827989180886,-0.000200000000000089,12,0.0023062513203680485,0.028028769004885046,0.08333333333333333,-0.025100019158649203,0.0548130991842599,-0.025100019158649234,12,0.0007653488531776454,0.00922294512157995,0.08333333333333333,-0.00231238727996787,0.011764411145988253,-0.0025119148256358415
BB_RSI_MACD_ADX,STRATEGY,20,close<BB_LOWER20 & RSI14<35 & MACD>MACD_SIGNAL & ADX14>20,60.0,0.012500000000000004,0.25,0.0125,59,0.0006481905054179236,0.03897105241226595,0.1016949152542373,-0.025150019158649204,0.0546130991842599,-0.026953089477010916,11,0.0001997680783911495,0.0021996450789245614,0.09090909090909091,-0.00015,0.0023499975785613307,-0.00014999999999987246,12,0.0008280807894011491,0.009982352002806172,0.16666666666666666,-0.018706699944686347,0.024164827989180883,-0.00029999999999996696,12,0.002273595885532075,0.02762691923302274,0.08333333333333333,-0.025150019158649204,0.0546130991842599,-0.02515001915864923,12,0.0007487071407195852,0.00902157529496761,0.08333333333333333,-0.00236238727996787,0.011714411145988252,-0.002661656116937472
BB_REENTRY_RSI,STRATEGY,20,BB_REENTRY_UP==1 & RSI14<50,20.0,0.01916666666666667,0.38333333333333336,0.01916666666666666,59,-0.00031729108492692816,-0.01854895525860767,0.1016949152542373,-0.03266538399227564,0.016616666666666717,-0.05246385130140241,11,0.00015923400598482528,0.0017529692830013932,0.09090909090909091,-0.0018464070892009188,0.005334616810773291,-0.0033633223360601816,12,-0.0022378877595324556,-0.026526569081137485,0.08333333333333333,-0.03266538399227564,0.006396432955150245,-4.999999999999449e-05,12,-0.0009757299320995395,-0.01164612787717545,0.08333333333333333,-0.015113732338915033,0.01245000232830646,-0.023751009912161503,12,0.0019054722317368993,0.023106829794147687,0.16666666666666666,-0.004595453621828832,0.016616666666666717,-0.005842210585327856
BB_REENTRY_RSI,STRATEGY,20,BB_REENTRY_UP==1 & RSI14<50,40.0,0.01916666666666667,0.38333333333333336,0.01916666666666666,59,-0.0003563859981991729,-0.020810922311922164,0.1016949152542373,-0.03291538399227564,0.01656666666666672,-0.054081843478881564,11,0.00011832405445212682,0.0013023349043803645,0.09090909090909091,-0.001896407089200919,0.00528461681077329,-0.00356280271593723,12,-0.0022883247703028207,-0.027116915507080397,0.08333333333333333,-0.03291538399227564,0.006096432955150245,-9.999999999998899e-05,12,-0.00100920976916618,-0.012043521564294113,0.08333333333333333,-0.015263732338915032,0.01240000232830646,-0.024046541197369042,12,0.0018638147794271926,0.02259647890603711,0.16666666666666666,-0.004645453621828832,0.01656666666666672,-0.00609107677870202
BB_REENTRY_RSI,STRATEGY,20,BB_REENTRY_UP==1 & RSI14<50,60.0,0.01916666666666667,0.38333333333333336,0.01916666666666666,59,-0.0003954845273504002,-0.023067972828055283,0.1016949152542373,-0.03316538399227564,0.016516666666666718,-0.05569732192448906,11,7.741236640714509e-05,0.000851865704130983,0.09090909090909091,-0.0019464070892009188,0.005234616810773291,-0.003762253149291017,12,-0.0023387723872985854,-0.02770705778307403,0.08333333333333333,-0.03316538399227564,0.005796432955150244,-0.00014999999999998348,12,-0.0010426918715976678,-0.012440795653334558,0.08333333333333333,-0.015413732338915033,0.012350002328306459,-0.02434201789983481,12,0.0018221561445002836,0.022086346910127563,0.16666666666666666,-0.004695453621828832,0.016516666666666718,-0.006339898111962672
SQUEEZE_RELEASE_MOM,STRATEGY,20,SQUEEZE_RELEASE==1 & MACD_HIST>0 & close>EMA20,20.0,0.0075000000000000015,0.15,0.0075000000000000015,59,0.0003397972602004518,0.020246875678106235,0.03389830508474576,-0.010050001490116074,0.02873731849861253,-0.01842229759314018,11,0.0,0.0,0.0,0.0,0.0,0.0,12,0.002133022532632737,0.025898701546373415,0.08333333333333333,-5e-05,0.025949999046325684,-4.999999999988347e-05,12,0.0016099540710434956,0.01949143906918649,0.08333333333333333,-0.007516893476071223,0.02873731849861253,-0.008987599908322652,12,-0.0015483085818360429,-0.018422297593140402,0.0,-0.010050001490116074,0.0,-0.01832413000614108
SQUEEZE_RELEASE_MOM,STRATEGY,20,SQUEEZE_RELEASE==1 & MACD_HIST>0 & close>EMA20,40.0,0.0075000000000000015,0.15,0.0075000000000000015,59,0.00032457076484659767,0.019331039068481548,0.03389830508474576,-0.010100001490116074,0.02863731849861253,-0.018717658011574878,11,0.0,0.0,0.0,0.0,0.0,0.0,12,0.0021247766605895675,0.02579740904642125,0.08333333333333333,-0.0001,0.025899999046325686,-9.999999999987796e-05,12,0.0015767295150493626,0.019085700632564873,0.08333333333333333,-0.007616893476071223,0.02863731849861253,-0.009285700308821365,12,-0.0015733485241481333,-0.018717658011574656,0.0,-0.010100001490116074,0.0,-0.01852136228403145
SQUEEZE_RELEASE_MOM,STRATEGY,20,SQUEEZE_RELEASE==1 & MACD_HIST>0 & close>EMA20,60.0,0.0075000000000000015,0.15,0.0075000000000000015,59,0.00030934340562390643,0.018415958757727724,0.03389830508474576,-0.010150001490116075,0.02853731849861253,-0.019012949271166146,11,0.0,0.0,0.0,0.0,0.0,0.0,12,0.002116530449214179,0.02569612154646883,0.08333333333333333,-0.00015,0.025849999046325685,-0.00014999999999987246,12,0.0015435031719934792,0.018680088409106288,0.08333333333333333,-0.007716893476071223,0.02853731849861253,-0.009583735963897944,12,-0.0015983895106742477,-0.019012949271166146,0.0,-0.010150001490116075,0.0,-0.0187185648406184
SQUEEZE_KC15_MOM,STRATEGY,20,SQUEEZE_KC_RELEASE_15==1 & MACD_HIST>0 & close>EMA20,20.0,0.010000000000000002,0.2,0.010000000000000002,59,-0.00019027725540839022,-0.01116463393309619,0.06779661016949153,-0.016816675649533708,0.009295790592070191,-0.02943978723424423,11,-0.0005999584103827758,-0.006579780848899097,0.0,-0.003509090885572613,0.0,-0.006579780848899097,12,-0.0010967294596629467,-0.01308165719345833,0.08333333333333333,-0.016816675649533708,0.00904090724365771,-0.005195036022772714,12,0.0007671982613822173,0.00924532580254045,0.08333333333333333,-5e-05,0.009295790592070191,0.0,12,-0.0005348513599591095,-0.006399369585148751,0.0,-0.006300002069605637,0.0,-0.00634968706950223
SQUEEZE_KC15_MOM,STRATEGY,20,SQUEEZE_KC_RELEASE_15==1 & MACD_HIST>0 & close>EMA20,40.0,0.010000000000000002,0.2,0.010000000000000002,59,-0.0002106572408000058,-0.012353152068988904,0.06779661016949153,-0.01696667564953371,0.009245790592070192,-0.030171005255888672,11,-0.0006181758745106533,-0.006778955771866935,0.0,-0.003609090885572613,0.0,-0.006778955771866935,12,-0.0011344091668468702,-0.013528295997177309,0.08333333333333333,-0.01696667564953371,0.00899090724365771,-0.005444234230779443,12,0.0007588965592301792,0.0091448660130109,0.08333333333333333,-0.0001,0.009245790592070192,0.0,12,-0.0005473717283511318,-0.006548722132691753,0.0,-0.006350002069605638,0.0,-0.006449367069398693
SQUEEZE_KC15_MOM,STRATEGY,20,SQUEEZE_KC_RELEASE_15==1 & MACD_HIST>0 & close>EMA20,60.0,0.010000000000000002,0.2,0.010000000000000002,59,-0.0002310384352340404,-0.013540336248122897,0.06779661016949153,-0.017116675649533706,0.00919579059207019,-0.03090173874953417,11,-0.0006363943773771308,-0.0069781057446969275,0.0,-0.003709090885572613,0.0,-0.0069781057446969275,12,-0.0011720914769262677,-0.013974780342076443,0.08333333333333333,-0.017116675649533706,0.008940907243657708,-0.005693392494244498,12,0.000750594512724935,0.009044411223481319,0.08333333333333333,-0.00015,0.00919579059207019,0.0,12,-0.0005598925673027638,-0.006698059712984761,0.0,-0.006400002069605637,0.0,-0.006549042069295186
SQUEEZE_KC20_TV,STRATEGY,20,SQUEEZE_KC_RELEASE_20==1 & TV_ALL_D>0.1,20.0,0.0025000000000000005,0.05,0.0025000000000000005,59,-0.00027896426457578547,-0.016326442774366012,0.0,-0.008258956086946273,0.0,-0.016326442774366012,11,0.0,0.0,0.0,0.0,0.0,0.0,12,0.0,0.0,0.0,0.0,0.0,0.0,12,-0.0002796013577202204,-0.003350061421791062,0.0,-0.00330022643311263,0.0,-0.003350061421791062,12,-0.000695029310807179,-0.008308543139141866,0.0,-0.008258956086946273,0.0,-0.008308543139141866
SQUEEZE_KC20_TV,STRATEGY,20,SQUEEZE_KC_RELEASE_20==1 & TV_ALL_D>0.1,40.0,0.0025000000000000005,0.05,0.0025000000000000005,59,-0.00028406169621148506,-0.016622319886968162,0.0,-0.008308956086946272,0.0,-0.016622319886968162,11,0.0,0.0,0.0,0.0,0.0,0.0,12,0.0,0.0,0.0,0.0,0.0,0.0,12,-0.00028794653609750056,-0.0034498914104693634,0.0,-0.0033502264331126295,0.0,-0.0034498914104693634,12,-0.0007033919101613369,-0.008408125191337601,0.0,-0.008308956086946272,0.0,-0.008408125191337601
SQUEEZE_KC20_TV,STRATEGY,20,SQUEEZE_KC_RELEASE_20==1 & TV_ALL_D>0.1,60.0,0.0025000000000000005,0.05,0.0025000000000000005,59,-0.00028915935744881516,-0.016918122832444205,0.0,-0.008358956086946274,0.0,-0.016918122832444205,11,0.0,0.0,0.0,0.0,0.0,0.0,12,0.0,0.0,0.0,0.0,0.0,0.0,12,-0.00029629206280073263,-0.0035497163991476954,0.0,-0.0034002264331126296,0.0,-0.0035497163991476954,12,-0.0007117548594487357,-0.008507702243533144,0.0,-0.008358956086946274,0.0,-0.008507702243533144
DONCHIAN55_TV,STRATEGY,20,BREAKOUT55==1 & TV_MA_D>0,20.0,0.0033333333333333335,0.06666666666666667,0.0033333333333333335,59,0.0007931211458025506,0.04788683761572643,0.01694915254237288,-0.01671667564953371,0.08553829568000121,-0.024787170604163467,11,0.0,0.0,0.0,0.0,0.0,0.0,12,-0.0014080059492256928,-0.016765839815751193,0.0,-0.01671667564953371,0.0,-4.999999999999449e-05,12,0.0061718361073573825,0.0766285225542036,0.08333333333333333,-0.008158108325802205,0.08553829568000121,-0.008158108325802216,12,-0.0008455458098299966,-0.010099495910622203,0.0,-0.010049998410542804,0.0,-4.999999999999449e-05
DONCHIAN55_TV,STRATEGY,20,BREAKOUT55==1 & TV_MA_D>0,40.0,0.0033333333333333335,0.06666666666666667,0.0033333333333333335,59,0.0007864394587605801,0.0474741474385465,0.01694915254237288,-0.016766675649533706,0.0854382956800012,-0.024934677569212416,11,0.0,0.0,0.0,0.0,0.0,0.0,12,-0.0014163986708172593,-0.016864998981968804,0.0,-0.016766675649533706,0.0,-0.00010000000000010001,12,0.006155692149366232,0.07642124767802883,0.08333333333333333,-0.008208108325802205,0.0854382956800012,-0.00820810832580221,12,-0.0008539147447077734,-0.01019898841070166,0.0,-0.010099998410542804,0.0,-9.999999999998899e-05
DONCHIAN55_TV,STRATEGY,20,BREAKOUT55==1 & TV_MA_D>0,60.0,0.0033333333333333335,0.06666666666666667,0.0033333333333333335,59,0.0007797574148626352,0.047061595009629364,0.01694915254237288,-0.016816675649533708,0.08533829568000122,-0.025082169659635167,11,0.0,0.0,0.0,0.0,0.0,0.0,12,-0.0014247917451419693,-0.016964153148186223,0.0,-0.016816675649533708,0.0,-0.00014999999999998348,12,0.006139547316002763,0.07621399814596463,0.08333333333333333,-0.008258108325802207,0.08533829568000122,-0.008258108325802205,12,-0.0008622840301055009,-0.010298475910781146,0.0,-0.010149998410542805,0.0,-0.00014999999999998348
DONCHIAN55_ADX,STRATEGY,20,BREAKOUT55==1 & ADX14>20 & TV_MA_D>0,20.0,0.0033333333333333335,0.06666666666666667,0.0033333333333333335,59,0.0007931211458025506,0.04788683761572643,0.01694915254237288,-0.01671667564953371,0.08553829568000121,-0.024787170604163467,11,0.0,0.0,0.0,0.0,0.0,0.0,12,-0.0014080059492256928,-0.016765839815751193,0.0,-0.01671667564953371,0.0,-4.999999999999449e-05,12,0.0061718361073573825,0.0766285225542036,0.08333333333333333,-0.008158108325802205,0.08553829568000121,-0.008158108325802216,12,-0.0008455458098299966,-0.010099495910622203,0.0,-0.010049998410542804,0.0,-4.999999999999449e-05
DONCHIAN55_ADX,STRATEGY,20,BREAKOUT55==1 & ADX14>20 & TV_MA_D>0,40.0,0.0033333333333333335,0.06666666666666667,0.0033333333333333335,59,0.0007864394587605801,0.0474741474385465,0.01694915254237288,-0.016766675649533706,0.0854382956800012,-0.024934677569212416,11,0.0,0.0,0.0,0.0,0.0,0.0,12,-0.0014163986708172593,-0.016864998981968804,0.0,-0.016766675649533706,0.0,-0.00010000000000010001,12,0.006155692149366232,0.07642124767802883,0.08333333333333333,-0.008208108325802205,0.0854382956800012,-0.00820810832580221,12,-0.0008539147447077734,-0.01019898841070166,0.0,-0.010099998410542804,0.0,-9.999999999998899e-05
DONCHIAN55_ADX,STRATEGY,20,BREAKOUT55==1 & ADX14>20 & TV_MA_D>0,60.0,0.0033333333333333335,0.06666666666666667,0.0033333333333333335,59,0.0007797574148626352,0.047061595009629364,0.01694915254237288,-0.016816675649533708,0.08533829568000122,-0.025082169659635167,11,0.0,0.0,0.0,0.0,0.0,0.0,12,-0.0014247917451419693,-0.016964153148186223,0.0,-0.016816675649533708,0.0,-0.00014999999999998348,12,0.006139547316002763,0.07621399814596463,0.08333333333333333,-0.008258108325802207,0.08533829568000122,-0.008258108325802205,12,-0.0008622840301055009,-0.010298475910781146,0.0,-0.010149998410542805,0.0,-0.00014999999999998348
ICHIMOKU_RSI_MACD,STRATEGY,20,price_above_cloud & RSI14>30 & MACD>MACD_SIGNAL,20.0,0.0,0.0,0.0,59,0.0,0.0,0.0,0.0,0.0,0.0,11,0.0,0.0,0.0,0.0,0.0,0.0,12,0.0,0.0,0.0,0.0,0.0,0.0,12,0.0,0.0,0.0,0.0,0.0,0.0,12,0.0,0.0,0.0,0.0,0.0,0.0
ICHIMOKU_RSI_MACD,STRATEGY,20,price_above_cloud & RSI14>30 & MACD>MACD_SIGNAL,40.0,0.0,0.0,0.0,59,0.0,0.0,0.0,0.0,0.0,0.0,11,0.0,0.0,0.0,0.0,0.0,0.0,12,0.0,0.0,0.0,0.0,0.0,0.0,12,0.0,0.0,0.0,0.0,0.0,0.0,12,0.0,0.0,0.0,0.0,0.0,0.0
ICHIMOKU_RSI_MACD,STRATEGY,20,price_above_cloud & RSI14>30 & MACD>MACD_SIGNAL,60.0,0.0,0.0,0.0,59,0.0,0.0,0.0,0.0,0.0,0.0,11,0.0,0.0,0.0,0.0,0.0,0.0,12,0.0,0.0,0.0,0.0,0.0,0.0,12,0.0,0.0,0.0,0.0,0.0,0.0,12,0.0,0.0,0.0,0.0,0.0,0.0
RSI_DIV_HAMMER,REVERSAL,20,RSI_BULL_DIV_PROXY==1 & BULL_REVERSAL==1,20.0,0.025000000000000005,0.5,0.02458333333333333,59,0.0010451226299278767,0.06356878902402796,0.2033898305084746,-0.02862145486693469,0.053580981441270395,-0.028670023794191368,11,0.0030686630357594185,0.03427800883583454,0.18181818181818182,-0.021471928873174524,0.053580981441270395,-0.021569781680287226,12,0.0003883175557690549,0.004669775737096371,0.16666666666666666,-5e-05,0.0037961541400623636,-5.0000000000105516e-05,12,-0.000656621206181842,-0.007851060672002252,0.16666666666666666,-0.02862145486693469,0.019492859978005834,-0.028670023794191368,12,0.0020022146253289345,0.024292934322505122,0.25,-0.008383331781128983,0.026663191967142504,-0.017377859181165745
RSI_DIV_HAMMER,REVERSAL,20,RSI_BULL_DIV_PROXY==1 & BULL_REVERSAL==1,40.0,0.025000000000000005,0.5,0.02458333333333333,59,0.0009952084760529274,0.060444438104279685,0.2033898305084746,-0.028671454866934686,0.0534809814412704,-0.02876858772144797,11,0.0029868205012693085,0.0333501087492547,0.18181818181818182,-0.021671928873174526,0.0534809814412704,-0.021867594487399833,12,0.0003716635276884329,0.004469090465690773,0.16666666666666666,-0.0001,0.003746154140062364,-9.999999999998899e-05,12,-0.000698119876850363,-0.008345346748435789,0.16666666666666666,-0.028671454866934686,0.019342859978005833,-0.02876858772144808,12,0.001931548752778652,0.023426415466493156,0.25,-0.008433331781128983,0.026513191967142503,-0.017771891089154668
RSI_DIV_HAMMER,REVERSAL,20,RSI_BULL_DIV_PROXY==1 & BULL_REVERSAL==1,60.0,0.025000000000000005,0.5,0.02458333333333333,59,0.0009452917077873424,0.057328947260762764,0.2033898305084746,-0.028721454866934688,0.053380981441270396,-0.02886714664870471,11,0.0029049746071932525,0.03242292746616604,0.18181818181818182,-0.021871928873174525,0.053380981441270396,-0.022165367294512572,12,0.0003550089450800838,0.004268435261296499,0.16666666666666666,-0.00015,0.0036961541400623637,-0.0001500000000000945,12,-0.0007396209240934608,-0.008839435372163584,0.16666666666666666,-0.028721454866934688,0.019192859978005836,-0.02886714664870471,12,0.0018608810720902192,0.022560546471711795,0.25,-0.008483331781128985,0.026363191967142506,-0.01816578968188287
RSI_DIV_TV_OSC,REVERSAL,20,RSI_BULL_DIV_PROXY==1 & TV_OSC_D>0.1,20.0,0.04083333333333332,0.8166666666666667,0.040416666666666656,59,0.0007335042501801911,0.04421027986871073,0.1694915254237288,-0.022112649178691976,0.10016208536955093,-0.06814065492684196,11,0.00047056493974325584,0.005188410270948518,0.18181818181818182,-0.0035039612689098886,0.01015869619822909,-0.0037530703311521307,12,-0.002146857338939627,-0.025460260692186987,0.16666666666666666,-0.011702209126031227,0.004526259598596621,-0.027765033634791547,12,0.009018199009532263,0.11375070707096469,0.25,-0.01834878837349293,0.10016208536955093,-0.018348788373492964,12,-0.0015183193273337026,-0.01806844996529755,0.16666666666666666,-0.022112649178691976,0.015234618470654788,-0.031803013462345264
RSI_DIV_TV_OSC,REVERSAL,20,RSI_BULL_DIV_PROXY==1 & TV_OSC_D>0.1,40.0,0.04083333333333332,0.8166666666666667,0.040416666666666656,59,0.0006514809417153889,0.039172642394881496,0.1694915254237288,-0.022312649178691978,0.09991208536955093,-0.07098642708766445,11,0.0003524390176209173,0.0038836681515908023,0.18181818181818182,-0.003603961268909889,0.00995869619822909,-0.0046943591509823746,12,-0.0022301971132745505,-0.026436524084247792,0.16666666666666666,-0.011802209126031228,0.0043762595985966215,-0.02849657455018495,12,0.008927495436458766,0.11254988150329104,0.25,-0.01854878837349293,0.09991208536955093,-0.01854878837349294,12,-0.001589273386259469,-0.018905458469611114,0.16666666666666666,-0.022312649178691978,0.015084618470654789,-0.03253292100071825
RSI_DIV_TV_OSC,REVERSAL,20,RSI_BULL_DIV_PROXY==1 & TV_OSC_D>0.1,60.0,0.04083333333333332,0.8166666666666667,0.040416666666666656,59,0.0005694517261570607,0.03415853807044078,0.1694915254237288,-0.022512649178691977,0.09966208536955093,-0.07382393002472065,11,0.00023430434662396685,0.0025803693552244322,0.18181818181818182,-0.0037039612689098887,0.00975869619822909,-0.005739861011514913,12,-0.0023135386949228284,-0.027411912052706877,0.16666666666666666,-0.011902209126031228,0.0042262595985966215,-0.02922763600170286,12,0.008836781091400295,0.11135010045899607,0.25,-0.01874878837349293,0.09966208536955093,-0.01874878837349292,12,-0.0016602310317090016,-0.019741855167850986,0.16666666666666666,-0.022512649178691977,0.014934618470654788,-0.033262369139554604
OBV_TV_CONFIRM,VOLUME,20,OBV_SLOPE20>0 & TV_ALL_D>0.1,20.0,0.1391666666666667,2.783333333333333,0.13791666666666666,59,-0.00593458266275795,-0.29614539740171697,0.288135593220339,-0.06571990327906228,0.1416373071830033,-0.32767745015779437,11,-0.007015453995204162,-0.07451926034627221,0.2727272727272727,-0.05527067607918746,0.02272425619742886,-0.08561993310353377,12,-0.008826653499748193,-0.10092612202571938,0.08333333333333333,-0.03315424228768476,0.025949999046325684,-0.09263329300471734,12,0.0039041655078303943,0.04786919941017986,0.4166666666666667,-0.03573387098374678,0.1416373071830033,-0.06226695004410043,12,-0.009374966553076285,-0.10687636428171632,0.4166666666666667,-0.06571990327906228,0.03299834731079909,-0.06410005400845187
OBV_TV_CONFIRM,VOLUME,20,OBV_SLOPE20>0 & TV_ALL_D>0.1,40.0,0.1391666666666667,2.783333333333333,0.13791666666666666,59,-0.006215470378623458,-0.3077839373800084,0.288135593220339,-0.06606990327906229,0.1411873071830033,-0.33499816614090083,11,-0.007315235655763497,-0.07758805037131022,0.2727272727272727,-0.05552067607918746,0.02242425619742886,-0.08764963712022478,12,-0.009044632368943257,-0.10329594643356621,0.08333333333333333,-0.033504242287684755,0.025899999046325686,-0.09447183029931105,12,0.0036389842628806782,0.04455248548987378,0.4166666666666667,-0.03598387098374678,0.1411873071830033,-0.0639204197683576,12,-0.009716474349379148,-0.11056410914278603,0.4166666666666667,-0.06606990327906229,0.03249834731079909,-0.06631949460201703
OBV_TV_CONFIRM,VOLUME,20,OBV_SLOPE20>0 & TV_ALL_D>0.1,60.0,0.1391666666666667,2.783333333333333,0.13791666666666666,59,-0.006496376760788437,-0.31923399243376815,0.2711864406779661,-0.06641990327906228,0.1407373071830033,-0.34272639225834123,11,-0.007615030389403486,-0.08064772013382382,0.2727272727272727,-0.05577067607918746,0.02212425619742886,-0.08967550110762856,12,-0.009262624505585473,-0.10566018734046889,0.08333333333333333,-0.03385424228768476,0.025849999046325685,-0.09630715532493339,12,0.00337377961669022,0.04124510591472785,0.4166666666666667,-0.03623387098374678,0.1407373071830033,-0.06557139496910092,12,-0.010057985997519578,-0.11423793260695181,0.3333333333333333,-0.06641990327906228,0.03199834731079909,-0.06853443610964483
ATRP_RISK_GATE,RISK,20,ATRP14_RANK60<0.8,20.0,0.7225000000000001,14.45,0.6816666666666668,59,-0.009135335926460068,-0.4181029985606416,0.3728813559322034,-0.13075977175477327,0.20986396532519735,-0.5805498212499833,11,-0.009201466096903203,-0.09668565280339136,0.45454545454545453,-0.1240718686678055,0.20986396532519735,-0.23578796507871502,12,-0.02500788098797229,-0.26207323445059194,0.25,-0.13075977175477327,0.12141724569979577,-0.24471126378970465,12,0.012135078362681479,0.15574419737071143,0.5,-0.12766893892348086,0.20691320503599658,-0.2834682095806941,12,-0.011843503990068395,-0.13322024366818375,0.3333333333333333,-0.06148062741774721,0.04868531901566275,-0.11367839024573745
ATRP_RISK_GATE,RISK,20,ATRP14_RANK60<0.8,40.0,0.7225000000000001,14.45,0.6816666666666668,59,-0.010527633115867603,-0.4644296363267818,0.3728813559322034,-0.13230977175477326,0.20831396532519736,-0.6028174434973994,11,-0.010691323653966828,-0.11151521113265173,0.45454545454545453,-0.12557186866780548,0.20831396532519736,-0.2416704771501208,12,-0.026418464878050496,-0.2747830566582058,0.25,-0.13230977175477326,0.12026724569979577,-0.2539265296083679,12,0.01062533704639484,0.13522562329882093,0.5,-0.12916893892348086,0.20531320503599657,-0.28915657039550735,12,-0.013298642652959998,-0.1484136184735979,0.3333333333333333,-0.06273062741774721,0.04703531901566275,-0.11923784608689703
ATRP_RISK_GATE,RISK,20,ATRP14_RANK60<0.8,60.0,0.7225000000000001,14.45,0.6816666666666668,59,-0.0119200791354395,-0.5071300257334425,0.3389830508474576,-0.13385977175477326,0.20676396532519736,-0.6239346705702582,11,-0.01218120774417568,-0.12612337423277553,0.36363636363636365,-0.12707186866780548,0.20676396532519736,-0.247516810367852,12,-0.027829116700449772,-0.2872925200642962,0.25,-0.13385977175477326,0.11911724569979577,-0.264728862491287,12,0.009115566202753044,0.1150410745166277,0.5,-0.13066893892348086,0.20371320503599658,-0.29480883730819785,12,-0.014753810797699184,-0.16336281161878796,0.25,-0.06398062741774721,0.04538531901566274,-0.12477117639367574
STRENGTH_NOT_DEEP,RISK,20,DIST_MA60>-0.2 & ADX14<35,20.0,0.3933333333333333,7.866666666666666,0.3879166666666667,59,-0.006000828397821697,-0.29890749398555494,0.3559322033898305,-0.07980595778750614,0.06614188585564935,-0.37528808034834027,11,-0.008223360758006785,-0.08682793054630111,0.2727272727272727,-0.05307267708615787,0.060095529458741,-0.13175249725557237,12,-0.0043330836722632925,-0.05077553862784545,0.4166666666666667,-0.04553637913811691,0.027490404186457183,-0.06444054062259863,12,-0.005325127489053103,-0.06206279533792791,0.3333333333333333,-0.055761431098695656,0.06614188585564935,-0.17453191015356861,12,-0.005671142220950729,-0.06597064365504257,0.3333333333333333,-0.04362007831681681,0.0521580230338763,-0.062063660852415325
STRENGTH_NOT_DEEP,RISK,20,DIST_MA60>-0.2 & ADX14<35,40.0,0.3933333333333333,7.866666666666666,0.3879166666666667,59,-0.006792186607657069,-0.33109026353040283,0.3559322033898305,-0.08120595778750614,0.06539188585564935,-0.39538812056200934,11,-0.00911906127434331,-0.09585889276707571,0.2727272727272727,-0.053722677086157876,0.059095529458741,-0.1358920952262349,12,-0.005013114585344856,-0.058526114864417944,0.4166666666666667,-0.04628637913811691,0.027090404186457185,-0.07003939781686785,12,-0.006054766311313728,-0.07028579715574301,0.3333333333333333,-0.05701143109869566,0.06539188585564935,-0.17933206080439235,12,-0.006434255032645545,-0.0745364472509622,0.3333333333333333,-0.044613285282537475,0.05135802303387631,-0.06735666404691731
STRENGTH_NOT_DEEP,RISK,20,DIST_MA60>-0.2 & ADX14<35,60.0,0.3933333333333333,7.866666666666666,0.3879166666666667,59,-0.007583652245887995,-0.36182370333481817,0.3389830508474576,-0.08260595778750614,0.06464188585564935,-0.4148598227354845,11,-0.010014817098769677,-0.10480913821484983,0.2727272727272727,-0.054372677086157874,0.058095529458740996,-0.14001626677436751,12,-0.0056932398027242865,-0.0662197033174311,0.4166666666666667,-0.04703637913811691,0.026690404186457184,-0.07638012122942484,12,-0.006784478401347626,-0.07844348207543017,0.3333333333333333,-0.05826143109869565,0.06464188585564935,-0.18410840346204183,12,-0.007197420789708167,-0.0830307734830601,0.25,-0.045613285282537476,0.050558023033876305,-0.07321799477512614
POOL50_TVALL,RERANK,50,rank(-M1_MOM20_ADJ)+rank(TV_ALL_D),20.0,0.9666666666666667,19.333333333333332,0.9000000000000001,58,-0.0034083521500755686,-0.17964826143312984,0.4482758620689655,-0.15014316558026616,0.21404532981203403,-0.4953658121040927,11,-0.00999630931449719,-0.10462502936895612,0.45454545454545453,-0.15014316558026616,0.14302034882205875,-0.27361201722342643,12,-0.011756363471054214,-0.13230255563329596,0.5,-0.120303593987737,0.21404532981203403,-0.306383887932694,12,-0.004139778936356908,-0.04856171826230182,0.3333333333333333,-0.10506526454228785,0.14973643439437537,-0.21812077029970522,12,0.00820170214243191,0.10298375435126861,0.5833333333333334,-0.13148676319738245,0.08479622397429482,-0.047741837361638284
POOL50_TVALL,RERANK,50,rank(-M1_MOM20_ADJ)+rank(TV_ALL_D),40.0,0.9666666666666667,19.333333333333332,0.9000000000000001,58,-0.0052769586061930706,-0.2642566967408563,0.43103448275862066,-0.15204316558026615,0.21214532981203404,-0.526709460013939,11,-0.011841178214847438,-0.12280878468089562,0.45454545454545453,-0.15204316558026615,0.14122034882205875,-0.2796515482810079,12,-0.013621012524081605,-0.15174633538466287,0.5,-0.122303593987737,0.21214532981203404,-0.31577307212013084,12,-0.006063106429010065,-0.07037940675649723,0.3333333333333333,-0.10696526454228784,0.14793643439437537,-0.23046650806307456,12,0.006330321580583302,0.07866528653178251,0.5,-0.13348676319738245,0.08279622397429481,-0.0515572210739752
POOL50_TVALL,RERANK,50,rank(-M1_MOM20_ADJ)+rank(TV_ALL_D),60.0,0.9666666666666667,19.333333333333332,0.9000000000000001,58,-0.007145612666234325,-0.34027576704037255,0.43103448275862066,-0.15394316558026616,0.21024532981203403,-0.560831263359145,11,-0.013686090312042805,-0.14065661783258865,0.45454545454545453,-0.15394316558026616,0.13942034882205875,-0.2856533630666066,12,-0.015485696642085522,-0.17079032407182604,0.5,-0.12430359398773701,0.21024532981203403,-0.32505324205567343,12,-0.00798646496680712,-0.09173794141447034,0.3333333333333333,-0.10886526454228784,0.14613643439437538,-0.24264144029986168,12,0.004458912576851161,0.05483885684950662,0.5,-0.13548676319738245,0.08079622397429481,-0.05694982957986483
POOL50_TVOSC,RERANK,50,rank(-M1_MOM20_ADJ)+rank(TV_OSC_D),20.0,0.9666666666666667,19.333333333333332,0.9166666666666665,58,-0.003663983546347914,-0.19176410819660672,0.5,-0.1671023504549837,0.1561863394739974,-0.5786679762127583,11,-0.01897282351432912,-0.18998805666759433,0.36363636363636365,-0.1671023504549837,0.1561863394739974,-0.2864865040200276,12,-0.01632734072809714,-0.17925696386480405,0.5,-0.1222182273013384,0.1164860693571155,-0.28423931896709875,12,-0.0010043537862511392,-0.011985891867327458,0.5,-0.09891864626317459,0.12908983177278405,-0.1916755374278808,12,0.015328767224341008,0.20027371150452633,0.5833333333333334,-0.10109955883101403,0.11712570191248291,-0.0749317829890731
POOL50_TVOSC,RERANK,50,rank(-M1_MOM20_ADJ)+rank(TV_OSC_D),40.0,0.9666666666666667,19.333333333333332,0.9166666666666665,58,-0.0055676040583480645,-0.27662197280196976,0.4827586206896552,-0.1691023504549837,0.15448633947399742,-0.6041508999254628,11,-0.020877331421016325,-0.20711872805062015,0.36363636363636365,-0.1691023504549837,0.15448633947399742,-0.293819972293315,12,-0.018214610157395304,-0.1979549186406645,0.4166666666666667,-0.12401822730133841,0.1144860693571155,-0.2939491776503942,12,-0.0029660731960633917,-0.03501794001387937,0.5,-0.1009186462631746,0.12708983177278405,-0.1967051869380606,12,0.013407953977425844,0.17330711320035475,0.5833333333333334,-0.10309955883101403,0.1151257019124829,-0.08042727703047192
POOL50_TVOSC,RERANK,50,rank(-M1_MOM20_ADJ)+rank(TV_OSC_D),60.0,0.9666666666666667,19.333333333333332,0.9166666666666665,58,-0.007471275598528308,-0.35271000617338966,0.41379310344827586,-0.1711023504549837,0.15278633947399742,-0.6292323791965699,11,-0.022781906980241982,-0.2239199994719121,0.2727272727272727,-0.1711023504549837,0.15278633947399742,-0.30109321862980587,12,-0.020101903604658623,-0.2162618853967786,0.4166666666666667,-0.1258182273013384,0.1124860693571155,-0.30354596408717016,12,-0.004927815918311019,-0.05755712508823241,0.3333333333333333,-0.1029186462631746,0.12508983177278404,-0.2040623549819257,12,0.011487118125045225,0.1468966225388948,0.5833333333333334,-0.10509955883101403,0.1131257019124829,-0.0859009693318622
POOL50_REVERSAL,RERANK,50,rank(-M1_MOM20_ADJ)+rank(TV_OSC_D)-rank(TV_MA_D),20.0,0.9666666666666667,19.333333333333332,0.9408333333333334,58,-0.013359112843220108,-0.5416171908765701,0.43103448275862066,-0.17724415504119148,0.18396026136332513,-0.7465317233762605,11,-0.02941086298552214,-0.27990517564722883,0.2727272727272727,-0.17724415504119148,0.18396026136332513,-0.32900028437563733,12,-0.0188412936024902,-0.20407683753269767,0.3333333333333333,-0.10021437010294354,0.08041982451970689,-0.2859278077299122,12,-0.02866386738586046,-0.294601500291942,0.3333333333333333,-0.1057423752591318,0.1457850320410802,-0.3234808631544803,12,0.005924336468182005,0.07345485034637877,0.5833333333333334,-0.08142685876184966,0.09971308254635884,-0.1850495079277482
POOL50_REVERSAL,RERANK,50,rank(-M1_MOM20_ADJ)+rank(TV_OSC_D)-rank(TV_MA_D),40.0,0.9666666666666667,19.333333333333332,0.9408333333333334,58,-0.015312741163651753,-0.5913961330650913,0.39655172413793105,-0.17924415504119148,0.18216026136332514,-0.7681821602051264,11,-0.031386533570233716,-0.2958656531158651,0.18181818181818182,-0.17924415504119148,0.18216026136332514,-0.3374474033656457,12,-0.02081167797265016,-0.2230470780431426,0.25,-0.10221437010294354,0.07841982451970689,-0.2969457960232694,12,-0.030625494183859615,-0.31150764049039203,0.3333333333333333,-0.1076423752591318,0.1437850320410802,-0.3344956350320556,12,0.003945714783452863,0.04838974453488398,0.5833333333333334,-0.08342685876184966,0.09771308254635884,-0.1901865185293692
POOL50_REVERSAL,RERANK,50,rank(-M1_MOM20_ADJ)+rank(TV_OSC_D)-rank(TV_MA_D),60.0,0.9666666666666667,19.333333333333332,0.9408333333333334,58,-0.017266413840602853,-0.6358533371559767,0.3793103448275862,-0.18124415504119148,0.18036026136332514,-0.7880220375429605,11,-0.033362254837986265,-0.3115042819881534,0.18181818181818182,-0.18124415504119148,0.18036026136332514,-0.34580585512917605,12,-0.02278207951903672,-0.2416021886985037,0.25,-0.10421437010294354,0.07641982451970689,-0.3084039173306474,12,-0.03258713785099312,-0.32804175590887164,0.3333333333333333,-0.1095423752591318,0.1417850320410802,-0.34535323952179053,12,0.001967076639624239,0.02386198138879525,0.5833333333333334,-0.08542685876184966,0.09571308254635884,-0.1953019034730854
POOL50_MTF,RERANK,50,rank(-M1_MOM20_ADJ)+rank(TV_ALL_D)+rank(TV_ALL_W)+rank(TV_ALL_M),20.0,0.9666666666666667,19.333333333333332,0.8916666666666667,58,-0.004608994534069971,-0.23504603582938688,0.4827586206896552,-0.1488455272550991,0.2391468006829986,-0.5548112358910872,11,-0.022844845110810905,-0.2244696436937229,0.36363636363636365,-0.13709888393153416,0.12899706564026325,-0.31417046554383166,12,-0.007724262310439512,-0.08885295780597546,0.5833333333333334,-0.1488455272550991,0.2391468006829986,-0.3135271122676766,12,-0.0026235304066323435,-0.03103204200516363,0.5,-0.10947368210222612,0.17929658146905303,-0.3240107637985652,12,0.0077771110144527625,0.09742255886429652,0.5833333333333334,-0.11480771539327489,0.0668025038977247,-0.027618029715240633
POOL50_MTF,RERANK,50,rank(-M1_MOM20_ADJ)+rank(TV_ALL_D)+rank(TV_ALL_W)+rank(TV_ALL_M),40.0,0.9666666666666667,19.333333333333332,0.8916666666666667,58,-0.0064601254556624094,-0.3133309105325661,0.4827586206896552,-0.15044552725509913,0.2372468006829986,-0.5764916397670845,11,-0.024697982908366757,-0.2404955084493855,0.36363636363636365,-0.13899888393153415,0.12739706564026324,-0.32103598004844647,12,-0.009556562002518627,-0.10883904958762558,0.5833333333333334,-0.15044552725509913,0.2372468006829986,-0.3226115421493082,12,-0.004538747324317965,-0.05312571417613776,0.5,-0.11127368210222613,0.17739658146905304,-0.33092713306404775,12,0.005957382724106004,0.07387810373805759,0.5833333333333334,-0.11670771539327489,0.0649025038977247,-0.029518029715240646
POOL50_MTF,RERANK,50,rank(-M1_MOM20_ADJ)+rank(TV_ALL_D)+rank(TV_ALL_W)+rank(TV_ALL_M),60.0,0.9666666666666667,19.333333333333332,0.8916666666666667,58,-0.00831130307515207,-0.3837299402217098,0.43103448275862066,-0.15204552725509912,0.2353468006829986,-0.6043120154030737,11,-0.026551170234471972,-0.2562201628904689,0.2727272727272727,-0.14089888393153416,0.12579706564026324,-0.3283564701890266,12,-0.011388899328373456,-0.12842293847864195,0.5,-0.15204552725509912,0.2353468006829986,-0.3315928289768353,12,-0.006453993901802538,-0.07475705398776411,0.4166666666666667,-0.11307368210222613,0.17549658146905303,-0.33778678953699337,12,0.004137632762576711,0.0507972435042785,0.5833333333333334,-0.11860771539327489,0.0630025038977247,-0.03141802971524055
POOL50_ST,RERANK,50,rank(-M1_MOM20_ADJ)+rank(ST10X30_DIR),20.0,0.9666666666666667,19.333333333333332,0.9308333333333335,58,-0.00953952673572723,-0.4264720053398897,0.41379310344827586,-0.1869192178119809,0.15576492624448388,-0.6721972202194908,11,-0.021252022123047075,-0.21044996738327615,0.36363636363636365,-0.1869192178119809,0.15576492624448388,-0.2992245183679757,12,-0.015683974087166354,-0.1727921019653852,0.4166666666666667,-0.10178850488234475,0.12415685376638022,-0.27344954717901593,12,-0.027060003694720305,-0.28049687501043696,0.3333333333333333,-0.1085438251857507,0.13723986737505128,-0.32178037420126326,12,0.009117117486052045,0.11506164412367248,0.5833333333333334,-0.10045142961859888,0.12021865623751804,-0.1376484408384483
POOL50_ST,RERANK,50,rank(-M1_MOM20_ADJ)+rank(ST10X30_DIR),40.0,0.9666666666666667,19.333333333333332,0.9308333333333335,58,-0.01147187574017741,-0.4878894446489256,0.39655172413793105,-0.18881921781198088,0.1538649262444839,-0.6998191055408507,11,-0.023187819715691362,-0.22745865726090442,0.2727272727272727,-0.18881921781198088,0.1538649262444839,-0.30650764619221815,12,-0.017646442426242772,-0.19236735083201895,0.4166666666666667,-0.10368850488234475,0.12215685376638022,-0.2838825506510786,12,-0.029005730761348443,-0.2975749342969357,0.3333333333333333,-0.1104438251857507,0.1353398673750513,-0.3327471632969853,12,0.0071878211138423145,0.08974676351503197,0.5833333333333334,-0.10245142961859888,0.11821865623751804,-0.14289126403853336
POOL50_ST,RERANK,50,rank(-M1_MOM20_ADJ)+rank(ST10X30_DIR),60.0,0.9666666666666667,19.333333333333332,0.9308333333333335,58,-0.01340426726330402,-0.5428323443383503,0.3793103448275862,-0.1907192178119809,0.15196492624448388,-0.725162285546717,11,-0.025123654598174283,-0.24413391430579623,0.2727272727272727,-0.1907192178119809,0.15196492624448388,-0.3137301671046534,12,-0.01960893139360995,-0.21151732728658323,0.3333333333333333,-0.10558850488234475,0.12015685376638022,-0.29418690216776755,12,-0.03095147765344265,-0.31428084094271314,0.3333333333333333,-0.1123438251857507,0.13343986737505129,-0.3435585395308728,12,0.005258504159540376,0.06495944440353951,0.5833333333333334,-0.10445142961859888,0.11621865623751804,-0.14811279544798261
POOL50_SQUEEZE,RERANK,50,rank(-M1_MOM20_ADJ)+rank(SQUEEZE_RELEASE)+rank(MACD_HIST),20.0,0.9666666666666667,19.333333333333332,0.9108333333333335,58,-0.00866114783947313,-0.3962135282153916,0.3793103448275862,-0.17838169705649926,0.19690794281068164,-0.6061090891104773,11,-0.022918612210474774,-0.22511340778164568,0.2727272727272727,-0.17838169705649926,0.19690794281068164,-0.3357543057819026,12,-0.009936840967033083,-0.11293630574934876,0.4166666666666667,-0.11786475007508684,0.18221363869561,-0.2946496725583101,12,-0.0035188347165621935,-0.041418301678761926,0.4166666666666667,-0.10452726825455716,0.19138876934019866,-0.26271189484279023,12,-0.008361414363230327,-0.09584891661564232,0.3333333333333333,-0.11509873230741796,0.08022357099070117,-0.13460388889814334
POOL50_SQUEEZE,RERANK,50,rank(-M1_MOM20_ADJ)+rank(SQUEEZE_RELEASE)+rank(MACD_HIST),40.0,0.9666666666666667,19.333333333333332,0.9108333333333335,58,-0.010552180714260307,-0.4595096445586372,0.3793103448275862,-0.18028169705649924,0.19490794281068163,-0.6312830747480447,11,-0.02483496454129856,-0.24166808521754024,0.2727272727272727,-0.18028169705649924,0.19490794281068163,-0.3437682526478313,12,-0.011801980037926875,-0.13278306059980105,0.4166666666666667,-0.11976475007508684,0.18031363869561,-0.3042439123152655,12,-0.005418971325114402,-0.06312413469571132,0.4166666666666667,-0.10632726825455717,0.18958876934019867,-0.2701348345708512,12,-0.010306196518424428,-0.11689933128397656,0.3333333333333333,-0.11709873230741796,0.07822357099070117,-0.1449242377644132
POOL50_SQUEEZE,RERANK,50,rank(-M1_MOM20_ADJ)+rank(SQUEEZE_RELEASE)+rank(MACD_HIST),60.0,0.9666666666666667,19.333333333333332,0.9108333333333335,58,-0.012443260022837977,-0.5162741158960582,0.3793103448275862,-0.18218169705649925,0.19290794281068163,-0.6548929239487957,11,-0.02675135894142324,-0.25790096667857965,0.2727272727272727,-0.18218169705649925,0.19290794281068163,-0.3517015930502183,12,-0.01366715208937201,-0.15222235510875193,0.4166666666666667,-0.12166475007508684,0.17841363869561,-0.3137261517726758,12,-0.007319146735130074,-0.08437900173256896,0.4166666666666667,-0.10812726825455717,0.18778876934019867,-0.2774979351518999,12,-0.012250995489436582,-0.13749979320883943,0.3333333333333333,-0.11909873230741796,0.07622357099070116,-0.15514183175978924
POOL50_RSI_DIV,RERANK,50,rank(-M1_MOM20_ADJ)+rank(RSI_BULL_DIV_PROXY)+rank(TV_OSC_D),20.0,0.9666666666666667,19.333333333333332,0.92,58,-0.005548777273897189,-0.2758272264492827,0.4482758620689655,-0.15569611807853737,0.15079244612519374,-0.6300032728724443,11,-0.028319631912175392,-0.27094933362447604,0.2727272727272727,-0.15569611807853737,0.15079244612519374,-0.32268521999125854,12,-0.013547559049166984,-0.15098801381778215,0.5,-0.1301329019359353,0.1164860693571155,-0.31131679756134245,12,-0.009162477197774294,-0.10457474687823487,0.3333333333333333,-0.09621551981051117,0.13583789359364284,-0.25905260449382916,12,0.017766475739611803,0.23531495268731173,0.6666666666666666,-0.10109955883101403,0.13954036561791863,-0.12667904802479557
POOL50_RSI_DIV,RERANK,50,rank(-M1_MOM20_ADJ)+rank(RSI_BULL_DIV_PROXY)+rank(TV_OSC_D),40.0,0.9666666666666667,19.333333333333332,0.92,58,-0.007459452178135742,-0.3522626284174323,0.41379310344827586,-0.15769611807853737,0.14889244612519376,-0.6607252520910609,11,-0.030265202255605035,-0.28684689050108114,0.18181818181818182,-0.15769611807853737,0.14889244612519376,-0.33043541920214137,12,-0.01542052163759552,-0.17013135841676041,0.4166666666666667,-0.1319329019359353,0.1144860693571155,-0.32071211720005555,12,-0.011124442015431169,-0.1256210154488645,0.3333333333333333,-0.09811551981051117,0.13383789359364284,-0.26675487409731247,12,0.01585378972444507,0.2077428116578508,0.6666666666666666,-0.10309955883101403,0.13754036561791863,-0.13187554163788262
POOL50_RSI_DIV,RERANK,50,rank(-M1_MOM20_ADJ)+rank(RSI_BULL_DIV_PROXY)+rank(TV_OSC_D),60.0,0.9666666666666667,19.333333333333332,0.92,58,-0.009370176649072578,-0.4207565769426932,0.41379310344827586,-0.15969611807853737,0.14699244612519374,-0.6889499928787566,11,-0.032210815665324716,-0.30242901665333255,0.18181818181818182,-0.15969611807853737,0.14699244612519374,-0.3386576309076965,12,-0.01729352117135392,-0.18887865245379942,0.4166666666666667,-0.1337329019359353,0.1124860693571155,-0.3299974136366819,12,-0.013086429057889287,-0.1462131698924085,0.3333333333333333,-0.10001551981051117,0.13183789359364284,-0.278504539574031,12,0.013941078972844648,0.18073550250035741,0.6666666666666666,-0.10509955883101403,0.13554036561791863,-0.13705139549853473
POOL50_VOLUME,RERANK,50,rank(-M1_MOM20_ADJ)+rank(OBV_Z20)+rank(TV_MA_D),20.0,0.9666666666666667,19.333333333333332,0.895,58,-0.0009654603263642051,-0.054483318161994476,0.4482758620689655,-0.14503072017430924,0.22493871626639886,-0.4875638215483834,11,-0.01948655911496979,-0.1946418371307953,0.36363636363636365,-0.14503072017430924,0.15326795924288464,-0.308584605720307,12,-0.0063662318143357256,-0.07377583262625775,0.5,-0.121739358405006,0.22493871626639886,-0.29172231521586756,12,8.177827593963922e-05,0.0009817808189211963,0.3333333333333333,-0.11137002622494874,0.19934498102124804,-0.23433702166744075,12,0.012968160880415944,0.1672114535228244,0.5833333333333334,-0.09790378088818745,0.08257579908808296,-0.03834106216997735
POOL50_VOLUME,RERANK,50,rank(-M1_MOM20_ADJ)+rank(OBV_Z20)+rank(TV_MA_D),40.0,0.9666666666666667,19.333333333333332,0.895,58,-0.002824004610463386,-0.15127832969513133,0.4482758620689655,-0.14693072017430922,0.22303871626639887,-0.5167423807427305,11,-0.02132153356175265,-0.211066567391757,0.36363636363636365,-0.14693072017430922,0.15136795924288465,-0.31542587059281024,12,-0.008192659099867662,-0.09400078586082117,0.5,-0.12373935840500601,0.22303871626639887,-0.3011252158309824,12,-0.001825719308756387,-0.02168997048350596,0.3333333333333333,-0.11317002622494875,0.19744498102124805,-0.24181921721521715,12,0.011080335877218581,0.1413739821130391,0.5833333333333334,-0.09990378088818745,0.08057579908808296,-0.04024106216997736
POOL50_VOLUME,RERANK,50,rank(-M1_MOM20_ADJ)+rank(OBV_Z20)+rank(TV_MA_D),60.0,0.9666666666666667,19.333333333333332,0.895,58,-0.004682601016511713,-0.23831997547528794,0.4482758620689655,-0.14883072017430923,0.22113871626639886,-0.5457083778188491,11,-0.023156555566436844,-0.22718662559184166,0.36363636363636365,-0.14883072017430923,0.14946795924288464,-0.32221302309415667,12,-0.010019147160941676,-0.11382082463021048,0.5,-0.125739358405006,0.22113871626639886,-0.3104210745394782,12,-0.00373324898265125,-0.04389048723259881,0.3333333333333333,-0.11497002622494874,0.19554498102124804,-0.24924281574473983,12,0.009192481137841126,0.11606136527558286,0.5833333333333334,-0.10190378088818745,0.07857579908808296,-0.04214106216997748
POOL100_TVALL,RERANK,100,rank(-M1_MOM20_ADJ)+rank(TV_ALL_D),20.0,0.9666666666666667,19.333333333333332,0.9141666666666668,58,-0.005742968218854055,-0.28398366880806525,0.46551724137931033,-0.12081272746941076,0.1730748388336426,-0.468610538368894,11,-0.013047912868953683,-0.13452053545109288,0.45454545454545453,-0.09695151942818406,0.1730748388336426,-0.25305785895105803,12,0.007555451458271992,0.09452953649660722,0.4166666666666667,-0.12081272746941076,0.12257350192884806,-0.17485735275109282,12,-0.02931417674246591,-0.30024784880311617,0.3333333333333333,-0.11827158225150991,0.11409732177474723,-0.32749255547038125,12,0.0019252559244914375,0.02334928415860338,0.5,-0.08103295728180694,0.054247402466498576,-0.03202692488749459
POOL100_TVALL,RERANK,100,rank(-M1_MOM20_ADJ)+rank(TV_ALL_D),40.0,0.9666666666666667,19.333333333333332,0.9141666666666668,58,-0.007637689559012381,-0.3589746995629657,0.46551724137931033,-0.12271272746941075,0.17117483883364262,-0.5054721383602021,11,-0.01490323764750058,-0.15224997983014166,0.45454545454545453,-0.09845151942818406,0.17117483883364262,-0.2599895798040128,12,0.005636790687652142,0.06977843953915186,0.4166666666666667,-0.12271272746941075,0.12057350192884805,-0.18142452545105636,12,-0.03125151759002616,-0.3168242817374728,0.3333333333333333,-0.12027158225150991,0.11219732177474723,-0.33844970529678486,12,4.041319370633684e-05,0.00048506613192911274,0.5,-0.08293295728180694,0.052247402466498574,-0.03556469561654385
POOL100_TVALL,RERANK,100,rank(-M1_MOM20_ADJ)+rank(TV_ALL_D),60.0,0.9666666666666667,19.333333333333332,0.9141666666666668,58,-0.009532448858507304,-0.42623424635216867,0.4482758620689655,-0.12461272746941075,0.1692748388336426,-0.5430057414967415,11,-0.01675858769427751,-0.16964886934238366,0.45454545454545453,-0.09995151942818406,0.1692748388336426,-0.2668698005657779,12,0.0037181138151540787,0.045541177518838794,0.4166666666666667,-0.12461272746941075,0.11857350192884805,-0.18795246621198858,12,-0.03318888039400106,-0.33304022696394975,0.3333333333333333,-0.12227158225150991,0.11029732177474723,-0.3492504195281325,12,-0.0018444496764551425,-0.0219102392189523,0.5,-0.08483295728180694,0.05024740246649858,-0.039096006345593515
POOL100_MTF,RERANK,100,rank(-M1_MOM20_ADJ)+rank(TV_ALL_D)+rank(TV_ALL_W)+rank(TV_ALL_M),20.0,0.9666666666666667,19.333333333333332,0.8991666666666667,58,-0.0033738650441582814,-0.17800011426010243,0.5,-0.12517449096195332,0.16600505357705536,-0.42573375775096345,11,-0.021216833477194455,-0.21013766011665092,0.36363636363636365,-0.0934080169588041,0.05968508477518073,-0.25054136862679055,12,0.012454498207884199,0.16012870014582603,0.5,-0.12517449096195332,0.16600505357705536,-0.2179418664299838,12,-0.01923147645754035,-0.2078667714240996,0.3333333333333333,-0.09590265993076091,0.08014967952478605,-0.2792328035570545,12,0.007739897413939199,0.09693637098338836,0.6666666666666666,-0.10201352843128639,0.058306285346038135,-0.03774712818805792
POOL100_MTF,RERANK,100,rank(-M1_MOM20_ADJ)+rank(TV_ALL_D)+rank(TV_ALL_W)+rank(TV_ALL_M),40.0,0.9666666666666667,19.333333333333332,0.8991666666666667,58,-0.0052374042497185585,-0.2625579105573722,0.4482758620689655,-0.1270744909619533,0.16400505357705536,-0.46166763920239207,11,-0.023056628661338015,-0.22631657014784212,0.36363636363636365,-0.09510801695880411,0.05778508477518073,-0.25775331743458096,12,0.010577813688850714,0.13458519863868723,0.5,-0.1270744909619533,0.16400505357705536,-0.22399878956802732,12,-0.021141652485272878,-0.22618314512392634,0.3333333333333333,-0.09780265993076091,0.07814967952478605,-0.2865154022113343,12,0.005879629968359853,0.07288249699836147,0.5,-0.10401352843128639,0.056406285346038136,-0.040983348767748784
POOL100_MTF,RERANK,100,rank(-M1_MOM20_ADJ)+rank(TV_ALL_D)+rank(TV_ALL_W)+rank(TV_ALL_M),60.0,0.9666666666666667,19.333333333333332,0.8991666666666667,58,-0.00710097845004333,-0.33855338564566606,0.4482758620689655,-0.12897449096195332,0.16200505357705536,-0.5014241497707936,11,-0.02489644273606155,-0.24219380958903347,0.36363636363636365,-0.09680801695880412,0.05588508477518073,-0.26490971806857566,12,0.00870111014150598,0.10955793998555863,0.5,-0.12897449096195332,0.16200505357705536,-0.23002053960772406,12,-0.023051841695826636,-0.2441106573428804,0.3333333333333333,-0.09970265993076091,0.07614967952478605,-0.2937390366435473,12,0.0040193332909987155,0.04931264730920959,0.5,-0.10601352843128639,0.05450628534603813,-0.0442141293474394
